vendor_name,category
Masakha - Seafood Resto & Bar,Food
Samarth Food Junction,Food
P K Biryani House,Food
Chandani Restaurant & Bar,Food
Nisarga,Food
Abhishek Veg Restaurant,Food
Cafe Kallol,Food
Durga Cafe,Food
Gitanjalee Paratha House,Food
Maankar Dosa Center,Food
Rajwadi Chaiwala,Food
Cafe Peter,Food
Ganesh Food Court,Food
Hotel Al Zaika,Food
Sawai Veg,Food
Welcome to Khaugalli,Food
Hotel Samudra,Food
Kimaya Veg Restaurants,Food
Barberry Lounge,Food
The Verandah,Food
Cafe Pimlico,Food
Maratha Darbar,Food
Roots 9 Kitchen and Bar,Food
Multi Spice Lawn,Food
Code The Speakeasy Bar,Food
Shraddha Restaurant,Food
Cuisine & Co,Food
Farmers Choice,Food
The Veg Choice,Food
Bacharika - ROoftop Bar and Kitchen,Food
The Green Roof,Food
Satkar Rice Plate House,Food
Mystic Flavors,Food
Level 5 Bistro and Bar,Food
Palavi Pure Veg,Food
Sheetal Pav Bhaji Centre,Food
Cummins Cafe Katta,Food
Naivedyam Restaurant,Food
Maurya Multi Cuisien Family Restaurant,Food
Shorba the Family Restaurant,Food
Nation 52,Food
Aroma Hyderabad House,Food
Atithi Veg,Food
Koliwada Veg and Non Veg,Food
Oblique Kitchen,Food
Babylon Brewery,Food
Konkan Express Restaurant,Food
Mamledaar Misal,Food
Meridian Icecream,Food
Samarth Veg Restaurant,Food
Harvest Club Restaurant and Bar,Food
The Coriander Leaf,Food
Paradise Kitchen Hyderabadi Biryani,Food
Sairat Biryani,Food
Kadak Special Tea House,Food
Gurukrupa Tea House,Food
Thali and Co,Food
Khandesh Express,Food
Anandi Dining Hall,Food
Swarnaa Vegetarian,Food
Katakirr Misal,Food
Vishnuji ki Rasoi,Food
Tiranga Bhuvan,Food
Hotel Apulki,Food
Saandan,Food
Methkut,Food
Sweekar Veg Restaurant,Food
Nipr Bar,Food
Kanishk Restaurant and Bar,Food
Hotel Khandesh Express,Food
Madhur Mila,Food
Potoba Gharachi Aathwan,Food
Haveli Unlimited,Food
mahesh Lunch Home,Food
Girija Family Restaurant,Food
Palange Biryani,Food
Prasann Snacks,Food
Hotel Gurudatta Pure Veg,Food
Upsouth,Food
Simply South,Food
Bangalore Canteen,Food
Ratna Veg Cuisine,Food
Pruthvi Vegertarianism,Food
Naadbrahma Idli,Food
Janjira Sea Food,Food
Mumma Kitchen,Food
Hotel Malabar,Food
Sumadhu Veg Restaurant,Food
Kavi Restaurant,Food
Mealful Wrap meals,Food
Hotel Omkar,Food
Rajeshahi Restaurant,Food
Aishwarya Uphar Gruha,Food
Sambar Xpress Kothrud,Food
Olivia Restaurant,Food
Rasoi Express,Food
Namma,Food
Sita ki Rasoi,Food
99 Dosa the Taste of Hyderabad,Food
Great Indian Khichadi,Food
Darbar Canteen,Food
The Confusionist,Food
Soul Fry,Food
The Belgian Waffle Co.,Food
The Daily Grind,Food
Cafe Zoe,Food
The Urban Foundry,Food
The Spice Garden,Food
Peshwa Pavilion,Food
Ganesh Bhel Puri Wala,Food
Wadeshwar Hotel,Food
Cafe Madras,Food
Shree Thaker Bhojanalay,Food
Bawarchi Biriyani,Food
The ElemenTaste,Food
The Black Pepper,Food
Dariole Artisan Bakery,Food
New Shiv Sagar,Food
Chulah Restaurant,Food
Hardeep Food Junction,Food
Brahmin’s Coffee Bar,Food
Shiv Sagar Hotel,Food
Hotel Apna Sweets,Food
Hotel Zaika,Food
Harishankar Thali House,Food
Shree Krishna Misal,Food
New Ramesh Dhaba,Food
Panchamrut Restaurant,Food
Hotel Sai Leela,Food
Kalyani Bhel,Food
Hotel Rajhans,Food
Vaishali Pure Veg,Food
Hotel Sheetal Grand,Food
Swami Samosa Center,Food
Shree Krishna Restaurant,Food
Hotel Rajwadu,Food
Vaibhav Refreshments,Food
Hotel Rajhans Pure Veg,Food
Shri Balaji Pure Veg,Food
Hotel Sheetal Pav Bhaji,Food
Hotel Anand Bhavan,Food
Vaishali Thali House,Food
Malaka Spice,Food
Prem’s,Food
Le Plaisir,Food
German Bakery,Food
The Flour Works,Food
Paasha - The Rooftop Cafe,Food
Teri Auliya,Food
Burger King,Food
McDonald’s,Food
Subway,Food
Domino’s Pizza,Food
Pizza Hut,Food
KFC,Food
Starbucks,Food
Costa Coffee,Food
CCD (Cafe Coffee Day),Food
The French Window,Food
Toscano,Food
Mocha,Food
The Irish House,Food
Effingut Brewerkz,Food
TJ’s Brew Works,Food
Doolally Taproom,Food
Independence Brewing Company,Food
The Beer Cafe,Food
The White Owl,Food
The Bombay Canteen,Food
The Bombay Brasserie,Food
Mainland China,Food
Yauatcha,Food
Mamagoto,Food
Sigree Global Grill,Food
Absolute Barbecue,Food
Barbeque Nation,Food
Barbeque Ville,Food
The Sassy Spoon,Food
The Bombay Baking Company,Food
Theobroma,Food
La Folie,Food
Kayani Bakery,Food
Marz-O-Rin,Food
Goodluck Cafe,Food
George Restaurant,Food
Vohuman Cafe,Food
Bedekar Misal,Food
Shree Udupi,Food
Hotel Shreyas,Food
Hotel Shree Krishna,Food
Hotel Roopali,Food
Hotel Shree Vishnu,Food
Hotel Shree Datta,Food
Hotel Shree Sai,Food
Hotel Shree Ganesh,Food
Hotel Shree Ram,Food
Hotel Shree Hanuman,Food
Hotel Shree Maruti,Food
Hotel Shree Balaji,Food
Hotel Shree Vitthal,Food
Darbar Canteen Shivajinagar,Food
Darbar Deck Deccan,Food
Darbar House,Food
Darbar Hut,Food
Darbar Inn,Food
Darbar Point,Food
Darbar Terrace,Food
Flavors of Adda Katraj,Food
Flavors of Bhojanalaya,Food
Flavors of Bistro,Food
Flavors of Bistro Kothrud,Food
Flavors of Corner,Food
Flavors of Deck,Food
Flavors of Hut,Food
Flavors of Hut Deccan,Food
Flavors of Lounge,Food
Flavors of Lounge Aundh,Food
Flavors of Lounge Pimple Saudagar,Food
Flavors of Plaza,Food
Flavors of Spot,Food
Flavors of Stall Deccan,Food
Flavors of Station Hadapsar,Food
Flavors of Terrace,Food
Flavors of Zone,Food
Food Adda Deccan,Food
Food Bazaar,Food
Food Bazaar Camp,Food
Food Cafe Aundh,Food
Food Court Hinjewadi,Food
Food Deck,Food
Food Deck Aundh,Food
Food House,Food
Food House Viman Nagar,Food
Food Hut,Food
Food Inn Hadapsar,Food
Food Palace,Food
Food Plaza,Food
Food Plaza Kothrud,Food
Food Shack,Food
Food Spot,Food
Food Station,Food
Food Terrace Baner,Food
Food Terrace Hadapsar,Food
Garden Bar,Food
Garden Bhojanalaya,Food
Garden Bistro Aundh,Food
Garden Cafe Shivajinagar,Food
Garden Canteen,Food
Garden Court,Food
Garden Court Katraj,Food
Garden Court Kothrud,Food
Garden Curry,Food
Garden Deck Kothrud,Food
Garden Express,Food
Garden Express Katraj,Food
Garden House Shivajinagar,Food
Garden Hut Koregaon Park,Food
Garden Inn,Food
Garden Shack,Food
Garden Stall,Food
Garden Terrace Deccan,Food
Garden Zone,Food
Hotel Bar Viman Nagar,Food
Hotel Bistro Baner,Food
Hotel Cafe,Food
Hotel Canteen,Food
Hotel Den,Food
Hotel Eatery,Food
Hotel Express Kothrud,Food
Hotel Inn,Food
Hotel Lounge,Food
Hotel Mahal,Food
Hotel Palace,Food
Hotel Place,Food
Hotel Station,Food
Hotel Terrace,Food
Hotel Zone,Food
Kitchen Adda,Food
Kitchen Bar,Food
Kitchen Bazaar,Food
Kitchen Cafe Aundh,Food
Kitchen Court,Food
Kitchen Deck,Food
Kitchen Express Camp,Food
Kitchen Inn,Food
Kitchen Inn Baner,Food
Kitchen Mahal,Food
Kitchen Palace,Food
Kitchen Place,Food
Kitchen Place Kothrud,Food
Kitchen Stall,Food
Kitchen Stall Viman Nagar,Food
Kitchen Terrace,Food
Kitchen Zone,Food
Maharaja Adda,Food
Maharaja Bar,Food
Maharaja Bazaar Karve Nagar,Food
Maharaja Bistro,Food
Maharaja Cafe,Food
Maharaja Canteen,Food
Maharaja Eatery,Food
Maharaja Express,Food
Maharaja Inn Baner,Food
Maharaja Inn Katraj,Food
Maharaja Mahal,Food
Maharaja Mahal Camp,Food
Maharaja Place,Food
Maharaja Shack,Food
Maharaja Shack Shivajinagar,Food
Maharaja Station,Food
Maharaja Terrace,Food
Masala Adda Wakad,Food
Masala Bhojanalaya,Food
Masala Deck,Food
Masala Eatery,Food
Masala Eatery Hadapsar,Food
Masala Inn,Food
Masala Palace,Food
Masala Palace Katraj,Food
Masala Shack,Food
Masala Shack Camp,Food
Masala Spot,Food
Masala Station,Food
Masala Station Karve Nagar,Food
Masala Terrace Deccan,Food
Raj Adda Hadapsar,Food
Raj Bhojanalaya Pimple Saudagar,Food
Raj Curry,Food
Raj Den Aundh,Food
Raj Eatery,Food
Raj Mahal,Food
Raj Shack,Food
Raj Stall,Food
Raj Terrace,Food
Raj Zone,Food
Roti Adda Camp,Food
Roti Eatery,Food
Roti House,Food
Roti Palace,Food
Roti Place,Food
Roti Spot,Food
Roti Stall,Food
Roti Zone Camp,Food
Royal Bazaar,Food
Royal Court,Food
Royal Curry,Food
Royal Deck,Food
Royal Den,Food
Royal Eatery Camp,Food
Royal Express,Food
Royal Hut Aundh,Food
Royal Palace Pimple Saudagar,Food
Royal Place,Food
Royal Station,Food
Royal Station Camp,Food
Royal Terrace,Food
Saffron Bhojanalaya,Food
Saffron Bhojanalaya Baner,Food
Saffron Canteen,Food
Saffron Deck,Food
Saffron Eatery,Food
Saffron Place,Food
Saffron Plaza,Food
Saffron Plaza Viman Nagar,Food
Saffron Terrace,Food
Saffron Zone,Food
Shree Bar,Food
Shree Canteen,Food
Shree Corner,Food
Shree Deck,Food
Shree Den,Food
Shree Eatery,Food
Shree Lounge,Food
Shree Mahal,Food
Shree Mahal Baner,Food
Shree Place,Food
Shree Point,Food
Shree Stall,Food
Shree Terrace Aundh,Food
Shree Zone,Food
Spice Adda,Food
Spice Bazaar,Food
Spice Cafe,Food
Spice Canteen,Food
Spice Court Aundh,Food
Spice Curry,Food
Spice Deck,Food
Spice Lounge,Food
Spice Plaza,Food
Spice Point Katraj,Food
Spice Spot,Food
Spice Stall,Food
Spice Terrace,Food
Spice Terrace Karve Nagar,Food
Sri Bazaar Pimple Saudagar,Food
Sri Bhojanalaya,Food
Sri Canteen,Food
Sri Corner,Food
Sri Express,Food
Sri Inn,Food
Sri Lounge,Food
Sri Plaza,Food
Sri Plaza Hinjewadi,Food
Sri Point,Food
Sri Shack,Food
Sri Spot,Food
Sri Stall,Food
Sri Terrace,Food
Swaad Bhojanalaya,Food
Swaad Bistro,Food
Swaad Corner,Food
Swaad Curry,Food
Swaad Deck,Food
Swaad Hut,Food
Swaad Lounge Koregaon Park,Food
Swaad Mahal,Food
Swaad Place,Food
Swaad Point,Food
Swaad Point Hinjewadi,Food
Swaad Shack,Food
Swaad Stall,Food
Swaad Terrace,Food
Swaad Zone,Food
Tandoori Bistro Viman Nagar,Food
Tandoori Canteen Koregaon Park,Food
Tandoori Court,Food
Tandoori Court Wakad,Food
Tandoori Curry Shivajinagar,Food
Tandoori Deck,Food
Tandoori Express,Food
Tandoori Express Baner,Food
Tandoori Hut Hinjewadi,Food
Tandoori Inn,Food
Tandoori Mahal,Food
Tandoori Place Nigdi,Food
Tandoori Stall,Food
Tandoori Stall Hadapsar,Food
Tandoori Station Deccan,Food
Tandoori Station Katraj,Food
Tandoori Terrace,Food
Taste of Bar,Food
Taste of Corner Hinjewadi,Food
Taste of Corner Pimple Saudagar,Food
Taste of Express,Food
Taste of House,Food
Taste of Mahal Baner,Food
Taste of Plaza,Food
Taste of Point,Food
Taste of Spot,Food
Taste of Spot Hinjewadi,Food
Taste of Station Camp,Food
Thali Adda,Food
Thali Adda Shivajinagar,Food
Thali Bar Karve Nagar,Food
Thali Bistro Deccan,Food
Thali Cafe,Food
Thali Curry,Food
Thali Den,Food
Thali Den Wakad,Food
Thali Lounge,Food
Thali Mahal,Food
Thali Palace,Food
Thali Palace Camp,Food
Thali Point,Food
Thali Point Baner,Food
Thali Shack,Food
Thali Spot,Food
Thali Terrace,Food
The Adda,Food
The Bistro,Food
The Bistro Camp,Food
The Corner,Food
The Eatery,Food
The Express Hinjewadi,Food
The House,Food
The Hut Baner,Food
The Hut Camp,Food
The Lounge,Food
The Lounge Hinjewadi,Food
The Plaza,Food
The Point Pimple Saudagar,Food
The Spot,Food
The Zone,Food
Veggie Adda,Food
Veggie Adda Aundh,Food
Veggie Bhojanalaya,Food
Veggie Bistro Aundh,Food
Veggie Canteen,Food
Veggie Canteen Koregaon Park,Food
Veggie Curry Aundh,Food
Veggie Lounge,Food
Veggie Palace,Food
Veggie Shack Pimple Saudagar,Food
Veggie Stall,Food
Veggie Zone,Food
Veggie Zone Kothrud,Food
Zaika Adda Kothrud,Food
Zaika Adda Wakad,Food
Zaika Bar,Food
Zaika Bistro,Food
Zaika Cafe,Food
Zaika Corner,Food
Zaika Curry,Food
Zaika Deck,Food
Zaika Den,Food
Zaika Hut,Food
Zaika Mahal Camp,Food
Zaika Palace,Food
Zaika Palace Aundh,Food
Zaika Place,Food
Zaika Shack,Food
Zaika Spot,Food
Zaika Stall,Food
Zaika Station,Food
Zaika Terrace,Food
Swastik MultiSpecialty Clinic and Hospital,Healthcare Facility
Pharande Eye Hospital and Dental Clinic,Healthcare Facility
Anand Hospital,Healthcare Facility
Mai Mangeshkar Hospital,Healthcare Facility
Shashwat Hospital,Healthcare Facility
Lodha Hospital and Maternity Home,Healthcare Facility
Jagtap Hospital,Healthcare Facility
Sahyadri Super Specialty Hospital,Healthcare Facility
Rao Nursing Home,Healthcare Facility
Sanjeevani Hospital,Healthcare Facility
Silver Nursing Home,Healthcare Facility
Lokmanya Hospital Pvt Ltd,Healthcare Facility
Global Hospital and Research Institute,Healthcare Facility
Lopmudra Polyclinic and Diagnostic Center,Healthcare Facility
om Hospital,Healthcare Facility
Pulse Multispeciality Hospital,Healthcare Facility
Mayureshwar Multispeciality Hospital,Healthcare Facility
Nanded Multispeciality Hospital,Healthcare Facility
Matruseva Hospital,Healthcare Facility
Sai Sneh Hospital and Diagnostic Centre,Healthcare Facility
Vighnaharta Multispeciality Hospital,Healthcare Facility
Sunrise Diagnostics Centre,Healthcare Facility
Metropolis Healthcare Ltd,Healthcare Facility
Krsnaa Diagnostics Limited,Healthcare Facility
Agilus Diagnostics,Healthcare Facility
Divine Diagnostics,Healthcare Facility
Aarthi Scans and Labs,Healthcare Facility
Samruddhi Diagnostic Centre,Healthcare Facility
Anuja Hospital,Healthcare Facility
Deep Clinical Laboratory,Healthcare Facility
SRL Diagnostics,Healthcare Facility
Spandan Clinic,Healthcare Facility
Nadkarni Pathology Lab,Healthcare Facility
Aditya Birla Memorial Hospital,Healthcare Facility
Columbia Asia Hospital,Healthcare Facility
Jehangir Hospital,Healthcare Facility
Ruby Hall Clinic,Healthcare Facility
Deenanath Mangeshkar Hospital,Healthcare Facility
Noble Hospital,Healthcare Facility
Inamdar Multispecialty Hospital,Healthcare Facility
KEM Hospital Pune,Healthcare Facility
Poona Hospital,Healthcare Facility
Aundh Institute of Medical Sciences,Healthcare Facility
Oyster & Pearl Hospital,Healthcare Facility
Ratna Memorial Hospital,Healthcare Facility
Sancheti Hospital,Healthcare Facility
Sahyadri Hospital (Hadapsar),Healthcare Facility
Sahyadri Hospital (Kothrud),Healthcare Facility
Sahyadri Hospital (Nagpur Road),Healthcare Facility
Surya Mother & Child Hospital,Healthcare Facility
Bharti Hospital,Healthcare Facility
Galaxy Hospital,Healthcare Facility
LifePoint Hospital,Healthcare Facility
Naidu Hospital,Healthcare Facility
Sanjeevan Hospital,Healthcare Facility
Smile Hospital,Healthcare Facility
Symbiosis University Hospital,Healthcare Facility
Yashwantrao Chavan Memorial Hospital,Healthcare Facility
Apex Hospital,Healthcare Facility
Asha Hospital,Healthcare Facility
City International Hospital,Healthcare Facility
DPU Private Super Specialty Hospital,Healthcare Facility
Eden Multispecialty Hospital,Healthcare Facility
Healing Hands Clinic,Healthcare Facility
Hope Hospital,Healthcare Facility
Indus Hospital,Healthcare Facility
Kaivalyadham Yoga Hospital,Healthcare Facility
Kalyani Hospital,Healthcare Facility
Kamalnayan Bajaj Hospital,Healthcare Facility
Khandelwal Hospital,Healthcare Facility
Lifepoint Multispecialty Hospital,Healthcare Facility
Madhavbaug Cardiac Care Hospital,Healthcare Facility
Medipoint Hospital,Healthcare Facility
Noble Care Hospital,Healthcare Facility
Omkar Hospital,Healthcare Facility
Pankaj Hospitals,Healthcare Facility
Parihar Multispecialty Hospital,Healthcare Facility
Pawar Hospital,Healthcare Facility
Phoenix Hospital,Healthcare Facility
Prayag Hospital,Healthcare Facility
Prime Hospital,Healthcare Facility
Progressive Hospital,Healthcare Facility
Prolife Hospital,Healthcare Facility
Apollo Clinic (Kalyani Nagar),Healthcare Facility
Apollo Clinic (Kothrud),Healthcare Facility
Apollo Clinic (Wakad),Healthcare Facility
Apollo Spectra Hospital,Healthcare Facility
Cloudnine Hospital,Healthcare Facility
Fertility Clinic Pune,Healthcare Facility
Janani Maternity Home,Healthcare Facility
Kinder Women's Hospital,Healthcare Facility
Motherhood Hospital,Healthcare Facility
Nine Maternity Hospital,Healthcare Facility
Pearl Women's Hospital,Healthcare Facility
Progenesis Fertility Center,Healthcare Facility
Rainbow Children's Hospital,Healthcare Facility
Surya Child Care Hospital,Healthcare Facility
Vatsalya Maternity & Surgical Hospital,Healthcare Facility
Wadia Hospital,Healthcare Facility
Zynova Shalby Hospital,Healthcare Facility
Aarogya Maternity & Surgical Hospital,Healthcare Facility
Angel Women's Hospital,Healthcare Facility
Ashwini Maternity Home,Healthcare Facility
BabyJoy Hospital,Healthcare Facility
Bliss Women's Hospital,Healthcare Facility
Care & Cure Maternity Home,Healthcare Facility
Cradle Maternity & Child Care,Healthcare Facility
Dr. Kotnis Maternity Home,Healthcare Facility
Eva Women's Hospital,Healthcare Facility
GarbhaGudi IVF Center,Healthcare Facility
Grow Fertility Center,Healthcare Facility
Happy Mother Maternity Home,Healthcare Facility
Heal IVF Clinic,Healthcare Facility
Apollo Diagnostics,Healthcare Facility
Thyrocare Technologies,Healthcare Facility
Dr. Lal PathLabs,Healthcare Facility
Suburban Diagnostics,Healthcare Facility
AccuHealth Diagnostics,Healthcare Facility
Anand Diagnostics,Healthcare Facility
Aviral Diagnostics,Healthcare Facility
Bafna Diagnostics,Healthcare Facility
Care Diagnostics,Healthcare Facility
Chougule Diagnostic Centre,Healthcare Facility
Clinico Path Lab,Healthcare Facility
Curewell Diagnostics,Healthcare Facility
Datar Imaging Centre,Healthcare Facility
Diagnoville Pathology Lab,Healthcare Facility
Dr. Hedgewar Diagnostics,Healthcare Facility
Elite Diagnostics,Healthcare Facility
Excel Diagnostics,Healthcare Facility
Frontline Diagnostics,Healthcare Facility
Genesys Diagnostics,Healthcare Facility
Healthians Diagnostics,Healthcare Facility
Clove Dental,Healthcare Facility
Dentique Dental Studio,Healthcare Facility
Dr. Karve's Dental Clinic,Healthcare Facility
MyDentist,Healthcare Facility
Sabka Dentist,Healthcare Facility
Smile Craft Dental Studio,Healthcare Facility
ToothCare Dental Clinic,Healthcare Facility
TruDent Care,Healthcare Facility
32 Pearls Dental Clinic,Healthcare Facility
Apollo Dental,Healthcare Facility
Dental Arcade,Healthcare Facility
Dentzz Dental Care,Healthcare Facility
Elite Dental Studio,Healthcare Facility
Happy Teeth Dental Clinic,Healthcare Facility
Orocare Dental Clinic,Healthcare Facility
Arya Vaidya Sala,Healthcare Facility
Ayurveda Rasayana,Healthcare Facility
Dhootapapeshwar Ayurvedic Center,Healthcare Facility
Jiva Ayurveda Clinic,Healthcare Facility
Kerala Ayurveda Centre,Healthcare Facility
Nagarjuna Ayurvedic Centre,Healthcare Facility
Patanjali Chikitsalaya,Healthcare Facility
Prakruti Ayurvedic Health Resort,Healthcare Facility
Sanjeevani Ayurveda Clinic,Healthcare Facility
Shree Dhootapapeshwar Ayurveda,Healthcare Facility
Aditya Jyot Eye Hospital,Healthcare Facility
Eye Mantra Hospital,Healthcare Facility
HV Desai Eye Hospital,Healthcare Facility
Iksha Eye Care,Healthcare Facility
Ingle Eye Hospital,Healthcare Facility
Joshi Eye Hospital,Healthcare Facility
Lotus Eye Hospital,Healthcare Facility
Mahaveer Eye Hospital,Healthcare Facility
NetraJyoti Eye Hospital,Healthcare Facility
Prasad Netralaya,Healthcare Facility
OrthoOne Orthopedic Hospital,Healthcare Facility
Sancheti Orthopedic Hospital,Healthcare Facility
Spine Clinics Pune,Healthcare Facility
The Orthopedic Speciality Clinic,Healthcare Facility
Trimurti Orthopedic Hospital,Healthcare Facility
Hinduja Cardiac Center,Healthcare Facility
Heart & Soul Cardiac Care,Healthcare Facility
MaxCure Heart Institute,Healthcare Facility
Pulse Heart Centre,Healthcare Facility
Sahyadri Cardiovascular Center,Healthcare Facility
Galaxy Cancer Care,Healthcare Facility
Jehangir Oncology Centre,Healthcare Facility
Prashanti Cancer Care,Healthcare Facility
Sahyadri Cancer Institute,Healthcare Facility
Sunrise Oncology Centre,Healthcare Facility
Brain & Spine Institute,Healthcare Facility
Noble Neuro Hospital,Healthcare Facility
Sahyadri Neurology Center,Healthcare Facility
Trimurti Brain & Spine Centre,Healthcare Facility
Yash Neuro Speciality Clinic,Healthcare Facility
Manas Psychiatry Clinic,Healthcare Facility
Mpower Mental Health Center,Healthcare Facility
Serene Mind Clinic,Healthcare Facility
The Mind Clinic,Healthcare Facility
Veda Rehabilitation Center,Healthcare Facility
AktivHealth Physiotherapy,Healthcare Facility
CureNow Physiotherapy,Healthcare Facility
PhysioFit,Healthcare Facility
ReLiva Physiotherapy,Healthcare Facility
TheraFit Physio Clinic,Healthcare Facility
Dr. Agarwal's ENT Clinic,Healthcare Facility
Pune ENT Care,Healthcare Facility
Sinus & ENT Centre,Healthcare Facility
The Ear Nose Throat Clinic,Healthcare Facility
V Care ENT Hospital,Healthcare Facility
Kaya Skin Clinic,Healthcare Facility
SkinSense Clinic,Healthcare Facility
The Skin & Hair Clinic,Healthcare Facility
VCare Skin & Laser Center,Healthcare Facility
Zoi Skin & Hair Clinic,Healthcare Facility
ChildCare Pediatric Clinic,Healthcare Facility
Kids Clinic Pune,Healthcare Facility
Little Stars Pediatric Care,Healthcare Facility
TinyTots Child Health Center,Healthcare Facility
WeCare Children's Clinic,Healthcare Facility
DogSpot Veterinary Clinic,Healthcare Facility
PetHealers Veterinary Hospital,Healthcare Facility
PetVet Care,Healthcare Facility
WagVille Pet Clinic,Healthcare Facility
Wiggles MyVet,Healthcare Facility
Apollo HomeCare,Healthcare Facility
Healthcare at Home,Healthcare Facility
Portea Medical,Healthcare Facility
Swasth Home Healthcare,Healthcare Facility
Zoctr Home Healthcare,Healthcare Facility
Aakar IVF Center,Healthcare Facility
Aastha Fertility Center,Healthcare Facility
Ace Hospital,Healthcare Facility
Apex Diagnostic Centre,Healthcare Facility
Arogya Hospital,Healthcare Facility
Asha Clinic,Healthcare Facility
Ashirwad Hospital,Healthcare Facility
Aspire Hospital,Healthcare Facility
Aundh General Hospital,Healthcare Facility
Avanti Hospital,Healthcare Facility
Aarthi Ayurvedic Clinic Nigdi,Healthcare Facility
Aarthi Children's Hospital Deccan,Healthcare Facility
Aarthi ENT Clinic,Healthcare Facility
Aarthi Eye Hospital Karve Nagar,Healthcare Facility
Aarthi Homeopathy Clinic Katraj,Healthcare Facility
Aarthi Laboratory Deccan,Healthcare Facility
Aarthi Maternity Home,Healthcare Facility
Aarthi Medical Clinic Shivajinagar,Healthcare Facility
Aarthi Medical Store Wakad,Healthcare Facility
Aarthi Medicals,Healthcare Facility
Aarthi Medicals Camp,Healthcare Facility
Aarthi Multispeciality Hospital,Healthcare Facility
Aarthi Nursing Home,Healthcare Facility
Aarthi Oncology Centre,Healthcare Facility
Aarthi Polyclinic Katraj,Healthcare Facility
Aarthi Scans and Labs,Healthcare Facility
Aarthi Super Specialty Hospital Karve Nagar,Healthcare Facility
Agilus Ayurvedic Clinic Aundh,Healthcare Facility
Agilus Health Centre,Healthcare Facility
Agilus Healthcare,Healthcare Facility
Agilus Hospital,Healthcare Facility
Agilus Maternity Home,Healthcare Facility
Agilus Medicals Aundh,Healthcare Facility
Agilus Multispeciality Hospital Baner,Healthcare Facility
Agilus Multispeciality Hospital Nigdi,Healthcare Facility
Agilus Pathology Lab Pimple Saudagar,Healthcare Facility
Agilus Therapy Centre Shivajinagar,Healthcare Facility
Agilus Wellness Centre,Healthcare Facility
Anand Ayurvedic Clinic,Healthcare Facility
Anand Children's Hospital,Healthcare Facility
Anand Clinic,Healthcare Facility
Anand ENT Clinic,Healthcare Facility
Anand ENT Clinic Kothrud,Healthcare Facility
Anand Hospital,Healthcare Facility
Anand Hospital Shivajinagar,Healthcare Facility
Anand Laboratory,Healthcare Facility
Anand Medical Clinic Wakad,Healthcare Facility
Anand Polyclinic,Healthcare Facility
Anand Skin Clinic Koregaon Park,Healthcare Facility
Anand Super Specialty Hospital Kothrud,Healthcare Facility
Anand Therapy Centre,Healthcare Facility
Anuja Clinic Hinjewadi,Healthcare Facility
Anuja Diagnostics Baner,Healthcare Facility
Anuja ENT Clinic,Healthcare Facility
Anuja Family Clinic Katraj,Healthcare Facility
Anuja Homeopathy Clinic,Healthcare Facility
Anuja Maternity Home,Healthcare Facility
Anuja Multispeciality Hospital,Healthcare Facility
Anuja Multispeciality Hospital Koregaon Park,Healthcare Facility
Anuja Orthopaedic Hospital Baner,Healthcare Facility
Anuja Pathology Lab Nigdi,Healthcare Facility
Anuja Therapy Centre,Healthcare Facility
Apollo Diagnostic Centre Baner,Healthcare Facility
Apollo ENT Clinic,Healthcare Facility
Apollo Family Clinic,Healthcare Facility
Apollo Health Centre Hinjewadi,Healthcare Facility
Apollo Healthcare,Healthcare Facility
Apollo Hospital Deccan,Healthcare Facility
Apollo Medicals,Healthcare Facility
Apollo Nursing Home,Healthcare Facility
Apollo Polyclinic,Healthcare Facility
Apollo Super Specialty Hospital Camp,Healthcare Facility
Apollo Therapy Centre,Healthcare Facility
Apollo Wellness Centre,Healthcare Facility
Ayush Ayurvedic Clinic,Healthcare Facility
Ayush Cardiac Centre,Healthcare Facility
Ayush Children's Hospital,Healthcare Facility
Ayush Clinic Deccan,Healthcare Facility
Ayush Diagnostics Shivajinagar,Healthcare Facility
Ayush Healthcare Pimple Saudagar,Healthcare Facility
Ayush Hospital Karve Nagar,Healthcare Facility
Ayush Maternity Home,Healthcare Facility
Ayush Skin Clinic,Healthcare Facility
Ayush Super Specialty Hospital,Healthcare Facility
Ayush Therapy Centre,Healthcare Facility
Ayush Wellness Centre Aundh,Healthcare Facility
CareFirst Children's Hospital,Healthcare Facility
CareFirst Dental Clinic,Healthcare Facility
CareFirst ENT Clinic,Healthcare Facility
CareFirst Homeopathy Clinic Pimple Saudagar,Healthcare Facility
CareFirst Laboratory,Healthcare Facility
CareFirst Maternity Home,Healthcare Facility
CareFirst Maternity Home Hinjewadi,Healthcare Facility
CareFirst Nursing Home,Healthcare Facility
CareFirst Orthopaedic Hospital Katraj,Healthcare Facility
CareFirst Orthopaedic Hospital Shivajinagar,Healthcare Facility
CareFirst Pathology Lab Viman Nagar,Healthcare Facility
CareFirst Wellness Centre,Healthcare Facility
CityCare Cardiac Centre,Healthcare Facility
CityCare Cardiac Centre Kothrud,Healthcare Facility
CityCare Cardiac Centre Shivajinagar,Healthcare Facility
CityCare Diagnostics,Healthcare Facility
CityCare Eye Hospital,Healthcare Facility
CityCare Family Clinic,Healthcare Facility
CityCare Homeopathy Clinic Camp,Healthcare Facility
CityCare Maternity Home,Healthcare Facility
CityCare Medical Store,Healthcare Facility
CityCare Pathology Lab Shivajinagar,Healthcare Facility
CityCare Super Specialty Hospital,Healthcare Facility
CityCare Therapy Centre Hadapsar,Healthcare Facility
CityCare Wellness Centre Baner,Healthcare Facility
CureWell Children's Hospital Katraj,Healthcare Facility
CureWell Clinic,Healthcare Facility
CureWell Diagnostic Centre,Healthcare Facility
CureWell Health Centre,Healthcare Facility
CureWell Healthcare,Healthcare Facility
CureWell Maternity Home Viman Nagar,Healthcare Facility
CureWell Medicals Koregaon Park,Healthcare Facility
CureWell Multispeciality Hospital Camp,Healthcare Facility
CureWell Nursing Home,Healthcare Facility
CureWell Oncology Centre,Healthcare Facility
CureWell Polyclinic,Healthcare Facility
CureWell Polyclinic Hadapsar,Healthcare Facility
CureWell Skin Clinic Wakad,Healthcare Facility
Deep Ayurvedic Clinic,Healthcare Facility
Deep Cardiac Centre,Healthcare Facility
Deep Laboratory Camp,Healthcare Facility
Deep Maternity Home,Healthcare Facility
Deep Oncology Centre Pimple Saudagar,Healthcare Facility
Deep Skin Clinic Wakad,Healthcare Facility
Deep Therapy Centre,Healthcare Facility
Dhanvantari Children's Hospital,Healthcare Facility
Dhanvantari Clinic,Healthcare Facility
Dhanvantari ENT Clinic,Healthcare Facility
Dhanvantari Family Clinic,Healthcare Facility
Dhanvantari Hospital,Healthcare Facility
Dhanvantari Nursing Home,Healthcare Facility
Dhanvantari Nursing Home Pimple Saudagar,Healthcare Facility
Dhanvantari Pathology Lab,Healthcare Facility
Dhanvantari Scans and Labs Kothrud,Healthcare Facility
Divine Cardiac Centre,Healthcare Facility
Divine Cardiac Centre Koregaon Park,Healthcare Facility
Divine Children's Hospital Wakad,Healthcare Facility
Divine Diagnostic Centre,Healthcare Facility
Divine Diagnostics,Healthcare Facility
Divine Diagnostics Deccan,Healthcare Facility
Divine ENT Clinic Camp,Healthcare Facility
Divine Eye Hospital Camp,Healthcare Facility
Divine Health Centre,Healthcare Facility
Divine Healthcare,Healthcare Facility
Divine Laboratory Katraj,Healthcare Facility
Divine Multispeciality Hospital,Healthcare Facility
Divine Multispeciality Hospital Deccan,Healthcare Facility
Divine Nursing Home Deccan,Healthcare Facility
Divine Orthopaedic Hospital Katraj,Healthcare Facility
Divine Polyclinic,Healthcare Facility
Divine Polyclinic Karve Nagar,Healthcare Facility
Divine Scans and Labs,Healthcare Facility
Divine Super Specialty Hospital Nigdi,Healthcare Facility
Global Ayurvedic Clinic,Healthcare Facility
Global Cardiac Centre Hinjewadi,Healthcare Facility
Global Family Clinic,Healthcare Facility
Global Hospital,Healthcare Facility
Global Multispeciality Hospital,Healthcare Facility
Global Pathology Lab Kothrud,Healthcare Facility
Global Therapy Centre Koregaon Park,Healthcare Facility
Healing Touch Cardiac Centre Aundh,Healthcare Facility
Healing Touch Children's Hospital Viman Nagar,Healthcare Facility
Healing Touch Dental Clinic Nigdi,Healthcare Facility
Healing Touch Health Centre,Healthcare Facility
Healing Touch Homeopathy Clinic Nigdi,Healthcare Facility
Healing Touch Maternity Home Shivajinagar,Healthcare Facility
Healing Touch Medical Clinic,Healthcare Facility
Healing Touch Nursing Home Shivajinagar,Healthcare Facility
Healing Touch Orthopaedic Hospital,Healthcare Facility
Healing Touch Scans and Labs,Healthcare Facility
Healing Touch Wellness Centre,Healthcare Facility
Healthy Life Ayurvedic Clinic,Healthcare Facility
Healthy Life ENT Clinic,Healthcare Facility
Healthy Life Health Centre Pimple Saudagar,Healthcare Facility
Healthy Life Healthcare,Healthcare Facility
Healthy Life Laboratory Katraj,Healthcare Facility
Healthy Life Maternity Home,Healthcare Facility
Healthy Life Medicals,Healthcare Facility
Healthy Life Multispeciality Hospital,Healthcare Facility
Healthy Life Nursing Home Wakad,Healthcare Facility
Healthy Life Orthopaedic Hospital Baner,Healthcare Facility
Healthy Life Skin Clinic,Healthcare Facility
Jagtap Diagnostic Centre,Healthcare Facility
Jagtap Healthcare,Healthcare Facility
Jagtap Medical Store,Healthcare Facility
Jagtap Medical Store Deccan,Healthcare Facility
Jagtap Nursing Home,Healthcare Facility
Jagtap Super Specialty Hospital Pimple Saudagar,Healthcare Facility
Jagtap Therapy Centre,Healthcare Facility
Jagtap Therapy Centre Hadapsar,Healthcare Facility
Jagtap Wellness Centre,Healthcare Facility
Krsnaa Clinic,Healthcare Facility
Krsnaa Diagnostic Centre,Healthcare Facility
Krsnaa Healthcare Pimple Saudagar,Healthcare Facility
Krsnaa Medical Clinic,Healthcare Facility
Krsnaa Medical Clinic Baner,Healthcare Facility
Krsnaa Medical Store,Healthcare Facility
Krsnaa Nursing Home,Healthcare Facility
Krsnaa Oncology Centre,Healthcare Facility
Krsnaa Oncology Centre Nigdi,Healthcare Facility
Krsnaa Scans and Labs Deccan,Healthcare Facility
Krsnaa Therapy Centre,Healthcare Facility
Lifeline Children's Hospital,Healthcare Facility
Lifeline Children's Hospital Camp,Healthcare Facility
Lifeline Children's Hospital Katraj,Healthcare Facility
Lifeline Clinic,Healthcare Facility
Lifeline Diagnostics,Healthcare Facility
Lifeline Family Clinic Nigdi,Healthcare Facility
Lifeline Medical Clinic,Healthcare Facility
Lifeline Medicals,Healthcare Facility
Lifeline Medicals Katraj,Healthcare Facility
Lifeline Nursing Home,Healthcare Facility
Lifeline Oncology Centre,Healthcare Facility
Lifeline Scans and Labs,Healthcare Facility
Lodha Clinic Pimple Saudagar,Healthcare Facility
Lodha Dental Clinic Deccan,Healthcare Facility
Lodha Dental Clinic Hinjewadi,Healthcare Facility
Lodha ENT Clinic,Healthcare Facility
Lodha Healthcare,Healthcare Facility
Lodha Healthcare Baner,Healthcare Facility
Lodha Oncology Centre,Healthcare Facility
Lodha Pathology Lab,Healthcare Facility
Lokmanya Eye Hospital,Healthcare Facility
Lokmanya Health Centre,Healthcare Facility
Lokmanya Hospital,Healthcare Facility
Lokmanya Medical Store,Healthcare Facility
Lokmanya Multispeciality Hospital,Healthcare Facility
Lokmanya Polyclinic,Healthcare Facility
Lokmanya Scans and Labs Karve Nagar,Healthcare Facility
Lopmudra Ayurvedic Clinic,Healthcare Facility
Lopmudra Children's Hospital,Healthcare Facility
Lopmudra Family Clinic Nigdi,Healthcare Facility
Lopmudra Medical Clinic Deccan,Healthcare Facility
Lopmudra Oncology Centre,Healthcare Facility
Lopmudra Skin Clinic,Healthcare Facility
Lopmudra Skin Clinic Hinjewadi,Healthcare Facility
Mai Mangeshkar Children's Hospital,Healthcare Facility
Mai Mangeshkar Children's Hospital Kothrud,Healthcare Facility
Mai Mangeshkar Diagnostic Centre Koregaon Park,Healthcare Facility
Mai Mangeshkar Health Centre,Healthcare Facility
Mai Mangeshkar Medicals,Healthcare Facility
Mai Mangeshkar Multispeciality Hospital Wakad,Healthcare Facility
Mai Mangeshkar Nursing Home Baner,Healthcare Facility
Mai Mangeshkar Orthopaedic Hospital,Healthcare Facility
Mai Mangeshkar Pathology Lab Katraj,Healthcare Facility
Mai Mangeshkar Super Specialty Hospital Viman Nagar,Healthcare Facility
Matruseva Diagnostics Kothrud,Healthcare Facility
Matruseva Healthcare,Healthcare Facility
Matruseva Homeopathy Clinic,Healthcare Facility
Matruseva Medical Clinic,Healthcare Facility
Matruseva Medicals,Healthcare Facility
Matruseva Oncology Centre,Healthcare Facility
Matruseva Pathology Lab Hadapsar,Healthcare Facility
Matruseva Scans and Labs,Healthcare Facility
Mayureshwar Diagnostic Centre,Healthcare Facility
Mayureshwar Laboratory,Healthcare Facility
Mayureshwar Medicals,Healthcare Facility
Mayureshwar Scans and Labs,Healthcare Facility
Mayureshwar Wellness Centre,Healthcare Facility
MediPlus Ayurvedic Clinic Pimple Saudagar,Healthcare Facility
MediPlus Diagnostic Centre Baner,Healthcare Facility
MediPlus ENT Clinic,Healthcare Facility
MediPlus Healthcare,Healthcare Facility
MediPlus Homeopathy Clinic,Healthcare Facility
MediPlus Medical Clinic,Healthcare Facility
MediPlus Medicals,Healthcare Facility
MediPlus Multispeciality Hospital Baner,Healthcare Facility
MediPlus Nursing Home Hinjewadi,Healthcare Facility
Medico Children's Hospital,Healthcare Facility
Medico Children's Hospital Koregaon Park,Healthcare Facility
Medico Eye Hospital,Healthcare Facility
Medico Eye Hospital Shivajinagar,Healthcare Facility
Medico Maternity Home,Healthcare Facility
Medico Orthopaedic Hospital Koregaon Park,Healthcare Facility
Medico Pathology Lab,Healthcare Facility
Medico Scans and Labs,Healthcare Facility
Medico Skin Clinic,Healthcare Facility
Medico Wellness Centre,Healthcare Facility
Metropolis Ayurvedic Clinic Kothrud,Healthcare Facility
Metropolis Clinic Baner,Healthcare Facility
Metropolis Clinic Nigdi,Healthcare Facility
Metropolis Dental Clinic Nigdi,Healthcare Facility
Metropolis Diagnostic Centre,Healthcare Facility
Metropolis ENT Clinic,Healthcare Facility
Metropolis Eye Hospital,Healthcare Facility
Metropolis Family Clinic Koregaon Park,Healthcare Facility
Metropolis Family Clinic Viman Nagar,Healthcare Facility
Metropolis Homeopathy Clinic,Healthcare Facility
Metropolis Laboratory Pimple Saudagar,Healthcare Facility
Metropolis Maternity Home,Healthcare Facility
Metropolis Medicals Karve Nagar,Healthcare Facility
Metropolis Medicals Shivajinagar,Healthcare Facility
Metropolis Multispeciality Hospital,Healthcare Facility
Metropolis Orthopaedic Hospital,Healthcare Facility
Metropolis Skin Clinic Katraj,Healthcare Facility
Metropolis Super Specialty Hospital,Healthcare Facility
Nadkarni Ayurvedic Clinic Shivajinagar,Healthcare Facility
Nadkarni Children's Hospital Kothrud,Healthcare Facility
Nadkarni Dental Clinic,Healthcare Facility
Nadkarni Health Centre,Healthcare Facility
Nadkarni Health Centre Koregaon Park,Healthcare Facility
Nadkarni Laboratory,Healthcare Facility
Nadkarni Medical Clinic Hadapsar,Healthcare Facility
Nadkarni Medicals,Healthcare Facility
Nadkarni Nursing Home,Healthcare Facility
Nadkarni Oncology Centre,Healthcare Facility
Nadkarni Therapy Centre,Healthcare Facility
Nanded Ayurvedic Clinic Pimple Saudagar,Healthcare Facility
Nanded Family Clinic Deccan,Healthcare Facility
Nanded Laboratory Viman Nagar,Healthcare Facility
Nanded Maternity Home Nigdi,Healthcare Facility
Nanded Medicals Nigdi,Healthcare Facility
Nanded Multispeciality Hospital,Healthcare Facility
Nanded Orthopaedic Hospital Deccan,Healthcare Facility
Nanded Scans and Labs,Healthcare Facility
Nanded Scans and Labs Wakad,Healthcare Facility
Nanded Super Specialty Hospital,Healthcare Facility
Om Ayurvedic Clinic,Healthcare Facility
Om Children's Hospital,Healthcare Facility
Om Clinic,Healthcare Facility
Om Family Clinic Aundh,Healthcare Facility
Om Oncology Centre Nigdi,Healthcare Facility
Om Pathology Lab Kothrud,Healthcare Facility
Om Polyclinic,Healthcare Facility
Omkar ENT Clinic Aundh,Healthcare Facility
Omkar Eye Hospital,Healthcare Facility
Omkar Health Centre,Healthcare Facility
Omkar Healthcare Deccan,Healthcare Facility
Omkar Maternity Home,Healthcare Facility
Omkar Medical Clinic,Healthcare Facility
Omkar Nursing Home Wakad,Healthcare Facility
Omkar Skin Clinic Deccan,Healthcare Facility
Omkar Super Specialty Hospital,Healthcare Facility
Pharande Ayurvedic Clinic,Healthcare Facility
Pharande Children's Hospital Hinjewadi,Healthcare Facility
Pharande ENT Clinic,Healthcare Facility
Pharande Eye Hospital,Healthcare Facility
Pharande Homeopathy Clinic Karve Nagar,Healthcare Facility
Pharande Laboratory Aundh,Healthcare Facility
Pharande Laboratory Hadapsar,Healthcare Facility
Pharande Medical Clinic Deccan,Healthcare Facility
Pharande Orthopaedic Hospital,Healthcare Facility
Pulse Ayurvedic Clinic,Healthcare Facility
Pulse Ayurvedic Clinic Shivajinagar,Healthcare Facility
Pulse Children's Hospital,Healthcare Facility
Pulse Dental Clinic Hadapsar,Healthcare Facility
Pulse Diagnostics,Healthcare Facility
Pulse Eye Hospital Shivajinagar,Healthcare Facility
Pulse Healthcare Hinjewadi,Healthcare Facility
Pulse Laboratory Nigdi,Healthcare Facility
Pulse Maternity Home,Healthcare Facility
Pulse Medicals,Healthcare Facility
Pulse Oncology Centre,Healthcare Facility
Pulse Orthopaedic Hospital,Healthcare Facility
Pulse Pathology Lab,Healthcare Facility
Pulse Scans and Labs,Healthcare Facility
Pulse Super Specialty Hospital,Healthcare Facility
Rao Dental Clinic Pimple Saudagar,Healthcare Facility
Rao Diagnostic Centre,Healthcare Facility
Rao Healthcare,Healthcare Facility
Rao Homeopathy Clinic,Healthcare Facility
Rao Laboratory Hadapsar,Healthcare Facility
Rao Medical Clinic,Healthcare Facility
Rao Medical Store Aundh,Healthcare Facility
Rao Nursing Home,Healthcare Facility
Rao Oncology Centre,Healthcare Facility
Relief Cardiac Centre,Healthcare Facility
Relief Clinic,Healthcare Facility
Relief Clinic Koregaon Park,Healthcare Facility
Relief Dental Clinic,Healthcare Facility
Relief Diagnostics,Healthcare Facility
Relief Health Centre,Healthcare Facility
Relief Medical Clinic,Healthcare Facility
Relief Nursing Home,Healthcare Facility
Relief Orthopaedic Hospital Koregaon Park,Healthcare Facility
Relief Orthopaedic Hospital Viman Nagar,Healthcare Facility
Relief Polyclinic Camp,Healthcare Facility
Relief Therapy Centre,Healthcare Facility
SRL Cardiac Centre Pimple Saudagar,Healthcare Facility
SRL Children's Hospital,Healthcare Facility
SRL Healthcare,Healthcare Facility
SRL Healthcare Aundh,Healthcare Facility
SRL Laboratory,Healthcare Facility
SRL Medical Clinic,Healthcare Facility
SRL Medical Store,Healthcare Facility
SRL Medicals Koregaon Park,Healthcare Facility
SRL Orthopaedic Hospital,Healthcare Facility
SRL Pathology Lab Hadapsar,Healthcare Facility
SRL Pathology Lab Shivajinagar,Healthcare Facility
SRL Therapy Centre,Healthcare Facility
SRL Therapy Centre Shivajinagar,Healthcare Facility
SRL Wellness Centre,Healthcare Facility
Sahyadri Dental Clinic,Healthcare Facility
Sahyadri Eye Hospital,Healthcare Facility
Sahyadri Family Clinic,Healthcare Facility
Sahyadri Healthcare,Healthcare Facility
Sahyadri Healthcare Koregaon Park,Healthcare Facility
Sahyadri Oncology Centre,Healthcare Facility
Sahyadri Orthopaedic Hospital Wakad,Healthcare Facility
Sahyadri Pathology Lab Hinjewadi,Healthcare Facility
Sahyadri Polyclinic Pimple Saudagar,Healthcare Facility
Sahyadri Scans and Labs,Healthcare Facility
Sahyadri Scans and Labs Hinjewadi,Healthcare Facility
Sahyadri Super Specialty Hospital Nigdi,Healthcare Facility
Sahyadri Wellness Centre,Healthcare Facility
Sai Sneh Ayurvedic Clinic Shivajinagar,Healthcare Facility
Sai Sneh Clinic,Healthcare Facility
Sai Sneh Dental Clinic,Healthcare Facility
Sai Sneh Diagnostic Centre Viman Nagar,Healthcare Facility
Sai Sneh Eye Hospital Hinjewadi,Healthcare Facility
Sai Sneh Healthcare Karve Nagar,Healthcare Facility
Sai Sneh Laboratory,Healthcare Facility
Sai Sneh Multispeciality Hospital,Healthcare Facility
Sai Sneh Nursing Home Shivajinagar,Healthcare Facility
Sai Sneh Pathology Lab Koregaon Park,Healthcare Facility
Sai Sneh Super Specialty Hospital,Healthcare Facility
Samruddhi Cardiac Centre,Healthcare Facility
Samruddhi Eye Hospital,Healthcare Facility
Samruddhi Health Centre,Healthcare Facility
Samruddhi Homeopathy Clinic,Healthcare Facility
Samruddhi Medical Store,Healthcare Facility
Samruddhi Oncology Centre Camp,Healthcare Facility
Samruddhi Skin Clinic,Healthcare Facility
Samruddhi Wellness Centre,Healthcare Facility
Sanjeevani Dental Clinic,Healthcare Facility
Sanjeevani Eye Hospital,Healthcare Facility
Sanjeevani Homeopathy Clinic,Healthcare Facility
Sanjeevani Hospital,Healthcare Facility
Sanjeevani Laboratory,Healthcare Facility
Sanjeevani Medicals,Healthcare Facility
Sanjeevani Nursing Home,Healthcare Facility
Sanjeevani Orthopaedic Hospital,Healthcare Facility
Sanjeevani Orthopaedic Hospital Hinjewadi,Healthcare Facility
Sanjeevani Scans and Labs Deccan,Healthcare Facility
Sanjeevani Therapy Centre,Healthcare Facility
Sanjeevani Wellness Centre,Healthcare Facility
Shashwat Ayurvedic Clinic Baner,Healthcare Facility
Shashwat Diagnostic Centre,Healthcare Facility
Shashwat Eye Hospital,Healthcare Facility
Shashwat Health Centre,Healthcare Facility
Shashwat Healthcare,Healthcare Facility
Shashwat Laboratory,Healthcare Facility
Shashwat Medical Store,Healthcare Facility
Shashwat Skin Clinic,Healthcare Facility
Silver Ayurvedic Clinic,Healthcare Facility
Silver Ayurvedic Clinic Camp,Healthcare Facility
Silver Ayurvedic Clinic Pimple Saudagar,Healthcare Facility
Silver Dental Clinic,Healthcare Facility
Silver Diagnostic Centre,Healthcare Facility
Silver Eye Hospital Kothrud,Healthcare Facility
Silver Healthcare,Healthcare Facility
Silver Homeopathy Clinic,Healthcare Facility
Silver Maternity Home Nigdi,Healthcare Facility
Silver Maternity Home Wakad,Healthcare Facility
Silver Pathology Lab Aundh,Healthcare Facility
Silver Scans and Labs Wakad,Healthcare Facility
Spandan Diagnostics Viman Nagar,Healthcare Facility
Spandan Eye Hospital Aundh,Healthcare Facility
Spandan Family Clinic Deccan,Healthcare Facility
Spandan Healthcare,Healthcare Facility
Spandan Medical Store Wakad,Healthcare Facility
Spandan Multispeciality Hospital,Healthcare Facility
Spandan Nursing Home Baner,Healthcare Facility
Spandan Nursing Home Hadapsar,Healthcare Facility
Spandan Nursing Home Hinjewadi,Healthcare Facility
Sunrise Ayurvedic Clinic Hinjewadi,Healthcare Facility
Sunrise Children's Hospital,Healthcare Facility
Sunrise Eye Hospital,Healthcare Facility
Sunrise Health Centre,Healthcare Facility
Sunrise Laboratory Aundh,Healthcare Facility
Sunrise Polyclinic,Healthcare Facility
Swastik Diagnostic Centre Kothrud,Healthcare Facility
Swastik Diagnostics,Healthcare Facility
Swastik ENT Clinic,Healthcare Facility
Swastik Health Centre Karve Nagar,Healthcare Facility
Swastik Healthcare Aundh,Healthcare Facility
Swastik Medical Store,Healthcare Facility
Swastik Medicals Aundh,Healthcare Facility
Swastik Medicals Shivajinagar,Healthcare Facility
Swastik Polyclinic,Healthcare Facility
Urban Health Cardiac Centre,Healthcare Facility
Urban Health Children's Hospital,Healthcare Facility
Urban Health Children's Hospital Karve Nagar,Healthcare Facility
Urban Health Diagnostics,Healthcare Facility
Urban Health ENT Clinic,Healthcare Facility
Urban Health Health Centre,Healthcare Facility
Urban Health Maternity Home,Healthcare Facility
Urban Health Medicals,Healthcare Facility
Urban Health Orthopaedic Hospital,Healthcare Facility
Urban Health Skin Clinic Hinjewadi,Healthcare Facility
Urban Health Skin Clinic Kothrud,Healthcare Facility
Urban Health Super Specialty Hospital,Healthcare Facility
Vighnaharta Diagnostics,Healthcare Facility
Vighnaharta Family Clinic,Healthcare Facility
Vighnaharta Maternity Home,Healthcare Facility
Vighnaharta Multispeciality Hospital Hinjewadi,Healthcare Facility
Vighnaharta Therapy Centre,Healthcare Facility
Wellness Cardiac Centre Wakad,Healthcare Facility
Wellness Children's Hospital,Healthcare Facility
Wellness Diagnostics,Healthcare Facility
Wellness Maternity Home,Healthcare Facility
Wellness Medicals,Healthcare Facility
Wellness Multispeciality Hospital,Healthcare Facility
Wellness Pathology Lab,Healthcare Facility
MSEB,Utilities
Tata Power,Utilities
Adani Electricity,Utilities
Reliance Energy,Utilities
Bharat Gar,Utilities
Indane Gas,Utilities
HP Gas,Utilities
Jio,Utilities
Airtel,Utilities
Vi,Utilities
BSNL,Utilities
ACT Fibernet,Utilities
PMC,Utilities
MyGate,Utilities
NoBroker Hood,Utilities
Urban Clap,Utilities
Urban Company,Utilities
Google One,Utilities
Apple iCloud,Utilities
Dropbox,Utilities
microsoft 365,Utilities
LIC of India,Utilities
Torrent Power,Utilities
MSEDCL,Utilities
Mahavitaran,Utilities
CESC Limited,Utilities
BSES Rajdhani Power Limited,Utilities
BSES Yamuna Power Limited,Utilities
UPPCL,Utilities
PSPCL,Utilities
TSSPDCL,Utilities
TNEB,Utilities
KSEB,Utilities
DGVCL,Utilities
MGVCL,Utilities
PGVCL,Utilities
UGVCL,Utilities
WBSEDCL,Utilities
APEPDCL,Utilities
APSPDCL,Utilities
JVVNL,Utilities
AVVNL,Utilities
Mahanagar Gas Limited,Utilities
GreenGas Limited,Utilities
Aegis Gas,Utilities
Confidence Petroleum,Utilities
Super Gas,Utilities
IGL,Utilities
Think Gas,Utilities
Megha Gas,Utilities
Bharatgas,Utilities
Aavantika Gas,Utilities
Hathway,Utilities
Tata Play Fiber,Utilities
You Broadband,Utilities
Spectra,Utilities
Excitel,Utilities
GTPL,Utilities
SITI Networks,Utilities
MyLink,Utilities
Wishnet,Utilities
Tikona,Utilities
MTNL,Utilities
RailTel,Utilities
Sify,Utilities
Tata Communications,Utilities
NTT,Utilities
Maharashtra Jeevan Pradhikaran,Utilities
Aqua Water Solutions,Utilities
Waterlife India,Utilities
Ion Exchange,Utilities
Narmada Water Supply,Utilities
Paani Foundation,Utilities
Swachh,Utilities
Sulabh,Utilities
Jal Shakti,Utilities
WaterHealth India,Utilities
Society Connect,Utilities
ApnaComplex,Utilities
GuardWell Security,Utilities
SIS Security,Utilities
Tops Security,Utilities
CMS Security,Utilities
Zicom Security,Utilities
Secureyes,Utilities
Hikvision,Utilities
CP Plus,Utilities
Housejoy,Utilities
Mr. Right,Utilities
Bro4u,Utilities
Zimmber,Utilities
Taskmo,Utilities
OneDios,Utilities
JustRent,Utilities
Rentomojo,Utilities
Furlenco,Utilities
Rentickle,Utilities
Amazon Web Services,Utilities
IBM Cloud,Utilities
Oracle Cloud,Utilities
VMware,Utilities
Quick Heal,Utilities
ESDS,Utilities
Cyfuture,Utilities
Netmagic,Utilities
CtrlS,Utilities
NTT Netmagic,Utilities
HDFC Life,Utilities
ICICI Prudential,Utilities
SBI Life,Utilities
Max Life Insurance,Utilities
Bajaj Allianz,Utilities
Kotak Life Insurance,Utilities
Tata AIA,Utilities
Aviva Life Insurance,Utilities
Star Health Insurance,Utilities
New India Assurance,Utilities
Dish TV,Utilities
Sun Direct,Utilities
DEN Networks,Utilities
InDigital,Utilities
Ortel,Utilities
Trinity Cable,Utilities
Independent TV,Utilities
D2H,Utilities
Fastway,Utilities
GTPL,Utilities
SWaCH,Utilities
EcoWise,Utilities
Recykal,Utilities
Saahas,Utilities
NEPRA,Utilities
Gem Enviro,Utilities
Banyan Nation,Utilities
Recyclus,Utilities
Ecowrap,Utilities
Scrap Uncle,Utilities
Waaree Energies,Utilities
Vikram Solar,Utilities
CleanMax Solar,Utilities
Amplus Solar,Utilities
Orb Energy,Utilities
Fourth Partner Energy,Utilities
SunSource Energy,Utilities
Sunsure Energy,Utilities
Hero Future Energies,Utilities
Rays Power,Utilities
Magenta EV Charging,Utilities
Statiq,Utilities
Charzer,Utilities
Bolt.Earth,Utilities
EVQPoint,Utilities
EESL,Utilities
Fortum,Utilities
ABB EV Charging,Utilities
Exicom,Utilities
Volttic,Utilities
Bank of Maharashtra,Utilities
Pune District Central Cooperative Bank,Utilities
Axis Bank,Utilities
IDFC First Bank,Utilities
Yes Bank,Utilities
Bandhan Bank,Utilities
Federal Bank,Utilities
RBL Bank,Utilities
South Indian Bank,Utilities
Karur Vysya Bank,Utilities
India Post,Utilities
Blue Dart,Utilities
FedEx,Utilities
DHL,Utilities
Delhivery,Utilities
Ecom Express,Utilities
Xpressbees,Utilities
Shadowfax,Utilities
Pickrr,Utilities
Shiprocket,Utilities
Locus,Utilities
Blowhorn,Utilities
LetsTransport,Utilities
Porter,Utilities
NAREDCO,Utilities
CREDAI,Utilities
MCHI,Utilities
NITES,Utilities
Tech Mahindra,Utilities
Infosys,Utilities
Wipro,Utilities
TCS,Utilities
Accenture,Utilities
Cognizant,Utilities
Capgemini,Utilities
L&T Infotech,Utilities
Mindtree,Utilities
Mphasis,Utilities
Persistent Systems,Utilities
Zensar Technologies,Utilities
Cyient,Utilities
Hexaware,Utilities
HCL Technologies,Utilities
Genpact,Utilities
WNS Global,Utilities
EXL Service,Utilities
Firstsource,Utilities
Infogain,Utilities
KPIT,Utilities
Avalara,Utilities
Icertis,Utilities
PubMatic,Utilities
Amdocs,Utilities
SAS,Utilities
Micro Focus,Utilities
Dell Technologies,Utilities
HPE,Utilities
Lenovo,Utilities
Acer,Utilities
Asus,Utilities
MSI,Utilities
LG,Utilities
Samsung,Utilities
Panasonic,Utilities
Sony,Utilities
Philips,Utilities
ACT Fiber Broadband Hinjewadi,Utilities
ACT Home Repair Services Hadapsar,Utilities
ACT Recharge Center Wakad,Utilities
ACT Sanitation Department,Utilities
ACT Tank Cleaning,Utilities
Adani LPG Distributor,Utilities
Adani LPG Distributor Hinjewadi,Utilities
Adani Mobile Services,Utilities
Adani Road Tax Office Shivajinagar,Utilities
Adani Sanitation Department,Utilities
Adani Sanitation Department Aundh,Utilities
Adani Sewage Services Wakad,Utilities
Adani Tax Collection Center Katraj,Utilities
Adani Utility Payments,Utilities
Adani Water Purifier Services,Utilities
Airtel Gas Agency,Utilities
Airtel Government Utility Office Karve Nagar,Utilities
Airtel Home Repair Services,Utilities
Airtel Municipal Corporation Katraj,Utilities
Airtel RTO Office Wakad,Utilities
Airtel Recharge Center,Utilities
Airtel Service Aggregator,Utilities
Airtel Tank Cleaning Koregaon Park,Utilities
Airtel Utility Provider Deccan,Utilities
Aquaguard Home Repair Services,Utilities
Aquaguard Internet Services,Utilities
Aquaguard Postpaid Billing,Utilities
Aquaguard Smart Meter Solutions,Utilities
Aquaguard Utility Payments Kothrud,Utilities
Aquaguard Water Supply,Utilities
BESCOM Electricity Board,Utilities
BESCOM Home Repair Services Nigdi,Utilities
BESCOM Mobile Services,Utilities
BESCOM Postpaid Billing Hadapsar,Utilities
BESCOM Road Tax Office,Utilities
BESCOM Sanitation Department,Utilities
BESCOM Sanitation Department Nigdi,Utilities
BESCOM Smart Meter Solutions,Utilities
BSNL Fiber Broadband Pimple Saudagar,Utilities
BSNL Gas Agency,Utilities
BSNL Home Repair Services,Utilities
BSNL LPG Distributor,Utilities
BSNL Mobile Services,Utilities
BSNL Municipal Corporation Shivajinagar,Utilities
BSNL Postpaid Billing,Utilities
BSNL Postpaid Billing Hinjewadi,Utilities
BSNL Road Tax Office,Utilities
Bharat BillPay Bill Payment Center Shivajinagar,Utilities
Bharat BillPay Government Utility Office,Utilities
Bharat BillPay Mobile Services Pimple Saudagar,Utilities
Bharat BillPay Piped Gas,Utilities
Bharat BillPay Road Tax Office Katraj,Utilities
Bharat BillPay Service Aggregator Katraj,Utilities
Bharat BillPay Water Supply,Utilities
Bharat Gas Bill Payment Center,Utilities
Bharat Gas Postpaid Billing,Utilities
Bharat Gas Utility Payments,Utilities
Bharat Gas Water Purifier Services Camp,Utilities
Den Government Utility Office,Utilities
Den Internet Services,Utilities
Den Mobile Services,Utilities
Den Municipal Corporation,Utilities
Den Piped Gas,Utilities
Den RTO Office,Utilities
Den Smart Meter Solutions,Utilities
Den Tank Cleaning Hadapsar,Utilities
Eureka Forbes Fiber Broadband,Utilities
Eureka Forbes Government Utility Office,Utilities
Eureka Forbes Mobile Services,Utilities
Eureka Forbes Pest Control,Utilities
Eureka Forbes Postpaid Billing,Utilities
Eureka Forbes Recharge Center Katraj,Utilities
Eureka Forbes Recharge Center Koregaon Park,Utilities
Eureka Forbes Road Tax Office,Utilities
Eureka Forbes Smart Meter Solutions,Utilities
Google Pay Bill Payment Center Hadapsar,Utilities
Google Pay Fiber Broadband,Utilities
Google Pay Gas Agency,Utilities
Google Pay Home Repair Services Nigdi,Utilities
Google Pay Mobile Services,Utilities
Google Pay Postpaid Billing,Utilities
Google Pay Smart Meter Solutions,Utilities
Google Pay Utility Provider Camp,Utilities
HP Gas Bill Payment Center,Utilities
HP Gas Electricity Board Shivajinagar,Utilities
HP Gas Gas Agency,Utilities
HP Gas Internet Services,Utilities
HP Gas Mobile Services,Utilities
HP Gas Pest Control,Utilities
HP Gas Piped Gas Camp,Utilities
HP Gas Road Tax Office Camp,Utilities
HP Gas Sanitation Department Viman Nagar,Utilities
HP Gas Smart Meter Solutions,Utilities
HP Gas Water Supply,Utilities
Hathway Electricity Board,Utilities
Hathway Gas Agency,Utilities
Hathway Gas Agency Pimple Saudagar,Utilities
Hathway Home Repair Services Deccan,Utilities
Hathway Internet Services,Utilities
Hathway Postpaid Billing,Utilities
Hathway Road Tax Office Kothrud,Utilities
HomeServe Electricity Board Kothrud,Utilities
HomeServe Gas Agency Deccan,Utilities
HomeServe Government Utility Office,Utilities
HomeServe Government Utility Office Deccan,Utilities
HomeServe Pest Control,Utilities
HomeServe Water Supply Viman Nagar,Utilities
Housejoy Home Repair Services,Utilities
Housejoy Recharge Center Baner,Utilities
Housejoy Tax Collection Center Baner,Utilities
Housejoy Utility Payments Shivajinagar,Utilities
Housejoy Water Purifier Services,Utilities
Indane Government Utility Office Camp,Utilities
Indane Internet Services Karve Nagar,Utilities
Indane Postpaid Billing,Utilities
Indane Postpaid Billing Katraj,Utilities
Indane Recharge Center Camp,Utilities
Indane Sewage Services,Utilities
Indane Smart Meter Solutions,Utilities
Indane Water Supply,Utilities
IndiaMART Bill Payment Center,Utilities
IndiaMART Gas Agency,Utilities
IndiaMART LPG Distributor,Utilities
IndiaMART Mobile Services Wakad,Utilities
IndiaMART Pest Control,Utilities
IndiaMART Piped Gas,Utilities
IndiaMART Recharge Center Deccan,Utilities
IndiaMART Road Tax Office Viman Nagar,Utilities
IndiaMART Utility Payments,Utilities
Jio Gas Agency,Utilities
Jio LPG Distributor,Utilities
Jio RTO Office Camp,Utilities
Jio Road Tax Office Aundh,Utilities
Jio Sanitation Department Aundh,Utilities
Jio Service Aggregator,Utilities
Jio Tank Cleaning,Utilities
Jio Tax Collection Center Hinjewadi,Utilities
Jio Utility Provider,Utilities
Justdial Services Mobile Services Camp,Utilities
Justdial Services Recharge Center,Utilities
Justdial Services Sanitation Department,Utilities
Justdial Services Smart Meter Solutions Shivajinagar,Utilities
Justdial Services Utility Provider,Utilities
Kent Bill Payment Center,Utilities
Kent Electricity Board,Utilities
Kent Fiber Broadband,Utilities
Kent Internet Services,Utilities
Kent LPG Distributor,Utilities
Kent Municipal Corporation,Utilities
Kent Pest Control Shivajinagar,Utilities
Kent RTO Office,Utilities
Kent Road Tax Office Pimple Saudagar,Utilities
Kent Sewage Services,Utilities
Kent Sewage Services Katraj,Utilities
LocalRamu Home Repair Services,Utilities
LocalRamu Mobile Services Pimple Saudagar,Utilities
LocalRamu Piped Gas,Utilities
LocalRamu Service Aggregator,Utilities
LocalRamu Smart Meter Solutions Nigdi,Utilities
LocalRamu Utility Provider Nigdi,Utilities
MSEB Postpaid Billing Koregaon Park,Utilities
MSEB RTO Office,Utilities
MSEB Utility Payments,Utilities
MSEB Utility Provider,Utilities
MSEB Water Purifier Services Katraj,Utilities
MSEB Water Supply,Utilities
MagicBricks Bill Payment Center,Utilities
MagicBricks Fiber Broadband,Utilities
MagicBricks Mobile Services Koregaon Park,Utilities
MagicBricks Municipal Corporation Viman Nagar,Utilities
MagicBricks Piped Gas Deccan,Utilities
MagicBricks Recharge Center,Utilities
MagicBricks Sewage Services,Utilities
MagicBricks Utility Payments Wakad,Utilities
MagicBricks Water Supply Karve Nagar,Utilities
MagicBricks Water Supply Wakad,Utilities
Mahanagar Gas Home Repair Services Koregaon Park,Utilities
Mahanagar Gas LPG Distributor,Utilities
Mahanagar Gas Piped Gas,Utilities
Mahanagar Gas Sewage Services,Utilities
Mahanagar Gas Utility Payments Koregaon Park,Utilities
Mahanagar Gas Utility Provider,Utilities
MyGate Bill Payment Center,Utilities
MyGate Bill Payment Center Karve Nagar,Utilities
MyGate Home Repair Services Pimple Saudagar,Utilities
MyGate Internet Services,Utilities
MyGate LPG Distributor Camp,Utilities
MyGate Postpaid Billing Shivajinagar,Utilities
MyGate Service Aggregator,Utilities
MyGate Sewage Services,Utilities
MyGate Tax Collection Center,Utilities
MyGate Utility Payments,Utilities
MyGate Water Purifier Services,Utilities
NoBroker Gas Agency,Utilities
NoBroker Government Utility Office Hadapsar,Utilities
NoBroker Postpaid Billing,Utilities
NoBroker Road Tax Office Camp,Utilities
NoBroker Sanitation Department,Utilities
NoBroker Sanitation Department Aundh,Utilities
NoBroker Service Aggregator Nigdi,Utilities
NoBroker Utility Provider,Utilities
NoBroker Water Purifier Services Deccan,Utilities
Paytm Fiber Broadband Hinjewadi,Utilities
Paytm Government Utility Office,Utilities
Paytm Government Utility Office Hadapsar,Utilities
Paytm LPG Distributor Aundh,Utilities
Paytm Postpaid Billing Hadapsar,Utilities
Paytm RTO Office Karve Nagar,Utilities
Paytm Tax Collection Center,Utilities
Paytm Water Purifier Services Shivajinagar,Utilities
PhonePe Piped Gas,Utilities
PhonePe Postpaid Billing,Utilities
PhonePe Tank Cleaning Kothrud,Utilities
PipedGas Mobile Services,Utilities
PipedGas Piped Gas,Utilities
PipedGas Sewage Services,Utilities
PipedGas Tank Cleaning Kothrud,Utilities
QuickFix Mobile Services Wakad,Utilities
QuickFix Utility Payments Camp,Utilities
QuikrServices Bill Payment Center,Utilities
QuikrServices Electricity Board,Utilities
QuikrServices LPG Distributor Karve Nagar,Utilities
QuikrServices Mobile Services,Utilities
QuikrServices Tax Collection Center,Utilities
QuikrServices Utility Payments,Utilities
QuikrServices Utility Payments Karve Nagar,Utilities
QuikrServices Utility Provider,Utilities
QuikrServices Water Purifier Services,Utilities
QuikrServices Water Purifier Services Kothrud,Utilities
QuikrServices Water Supply,Utilities
Sulekha Bill Payment Center,Utilities
Sulekha Fiber Broadband,Utilities
Sulekha Pest Control,Utilities
Sulekha Postpaid Billing,Utilities
Sulekha Postpaid Billing Baner,Utilities
Sulekha Water Supply Baner,Utilities
Swiggy Genie Internet Services Hinjewadi,Utilities
Swiggy Genie Municipal Corporation Viman Nagar,Utilities
Swiggy Genie Pest Control Deccan,Utilities
Swiggy Genie Recharge Center,Utilities
Swiggy Genie Sewage Services,Utilities
Swiggy Genie Smart Meter Solutions Hadapsar,Utilities
Swiggy Genie Tank Cleaning Viman Nagar,Utilities
Swiggy Genie Tax Collection Center Aundh,Utilities
Swiggy Genie Utility Payments,Utilities
Swiggy Genie Water Purifier Services Baner,Utilities
TNEB Fiber Broadband Hadapsar,Utilities
TNEB Fiber Broadband Pimple Saudagar,Utilities
TNEB Postpaid Billing,Utilities
TNEB RTO Office,Utilities
TNEB Sanitation Department Katraj,Utilities
TNEB Sanitation Department Wakad,Utilities
TNEB Smart Meter Solutions,Utilities
TechServe Bill Payment Center,Utilities
TechServe Gas Agency,Utilities
TechServe Government Utility Office Shivajinagar,Utilities
TechServe Home Repair Services Wakad,Utilities
TechServe Piped Gas Camp,Utilities
TechServe RTO Office,Utilities
TechServe Recharge Center,Utilities
TechServe Recharge Center Viman Nagar,Utilities
TechServe Road Tax Office,Utilities
Tikona LPG Distributor,Utilities
Tikona Mobile Services,Utilities
Tikona Recharge Center Koregaon Park,Utilities
Tikona Road Tax Office,Utilities
Tikona Utility Provider,Utilities
Tikona Water Supply,Utilities
Urban Company Bill Payment Center,Utilities
Urban Company Electricity Board,Utilities
Urban Company Internet Services,Utilities
Urban Company LPG Distributor,Utilities
Urban Company Pest Control,Utilities
Urban Company RTO Office,Utilities
Urban Company Tank Cleaning,Utilities
UrbanClap Fiber Broadband Baner,Utilities
UrbanClap Home Repair Services Karve Nagar,Utilities
UrbanClap Municipal Corporation,Utilities
UrbanClap Recharge Center,Utilities
UrbanClap Road Tax Office,Utilities
UrbanClap Sanitation Department,Utilities
UrbanClap Smart Meter Solutions,Utilities
UrbanClap Tax Collection Center Baner,Utilities
UrbanClap Utility Payments Hinjewadi,Utilities
Vi Service Aggregator,Utilities
Vi Smart Meter Solutions Koregaon Park,Utilities
Vi Tank Cleaning,Utilities
Vi Utility Payments,Utilities
Zimmber Bill Payment Center,Utilities
Zimmber Gas Agency,Utilities
Zimmber Government Utility Office,Utilities
Zimmber Home Repair Services,Utilities
Zimmber LPG Distributor,Utilities
Zimmber Mobile Services,Utilities
Zimmber Municipal Corporation,Utilities
Zimmber Pest Control,Utilities
Zimmber Postpaid Billing,Utilities
Zimmber Smart Meter Solutions Karve Nagar,Utilities
Zimmber Tank Cleaning,Utilities
Zimmber Utility Payments Deccan,Utilities
Mudra Travels,Travel
Veena World,Travel
Kesari Tours and Travels,Travel
Sainath Tours and Travels,Travel
Sky WOrld Enterprises,Travel
Shatabdi Tours and Travels,Travel
Namaste Tours and Travels,Travel
To and Fro Holidays,Travel
Travel Planners,Travel
Shree Siddhivinayak Tours and Travels,Travel
Ambica Tours and Travels,Travel
Chintamani Tourist,Travel
Tanvi Travels,Travel
Sunder Travels,Travel
Jai Ganesh Tours and Travels,Travel
Dhayreshwar Bus Services,Travel
ABHS Taxi Services,Travel
Redbus,Travel
MSRTC,Travel
KSRTC,Travel
NWKSRTC,Travel
abhibus,Travel
iRCTC,Travel
APSRTC,Travel
TSrTC,Travel
TNSTC,Travel
BSRTC,Travel
OSRTC,Travel
GSRTC,Travel
PRTC,Travel
UPSRTC,Travel
PUNBUS,Travel
RSRTC,Travel
JKSRTC,Travel
WBTC,Travel
HRTC,Travel
Confirmtkt,Travel
ixigo,Travel
trivago,Travel
Meru Cabs,Travel
Mega Cabs,Travel
BluSmart Electric Taxis,Travel
HJugnoo Auto,Travel
Savaari Cabs,Travel
Uber,Travel
Ola Cabs,Travel
Rapido,Travel
Cleartrip Flights,Travel
MakeMyTrip,Travel
Goibibo,Travel
EaseMyTrip,Travel
Yatra Online,Travel
Paytm Flights,Travel
OYO Rooms,Travel
FabHotels,Travel
Treebo Hotels,Travel
Zostel,Travel
Ginger Hotels,Travel
Agoda Bookings,Travel
Sterling Holidays,Travel
Lemon Tree Hotels,Travel
Zoomcar,Travel
Revv Self Drive,Travel
Royal Brothers Travel,Travel
Bounce Bike Rentals,Travel
Drivezy,Travel
Onn Bikes,Travel
Neeta Travels,Travel
VRL Travels,Travel
SRS Travels,Travel
KPN Travels,Travel
Patel Travels,Travel
Paulo Travels,Travel
Konduskar Travels,Travel
Delhi Metro,Travel
mumbai Metro,Travel
Pune Metro,Travel
Hyderabad Metro,Travel
Bengaluru BMTC,Travel
Pune PMPML,Travel
Chennai MRTS,Travel
Railyatri,Travel
RailMitra,Travel
UTS,Travel
Thomas Cook,Travel
Cox and Kings,Travel
Club Mahindra Holidays,Travel
HolidayIQ,Travel
TripFactory,Travel
Trawell India,Travel
FASTag ICICI,Travel
FASTag Paytm,Travel
NHAI Toll Plaza,Travel
Indian Oil,Travel
Bharat Petroleum,Travel
HPCL,Travel
Shell Petroleum,Travel
Hans Travels,Travel
Orange Tours and Travels,Travel
Raj National Express,Travel
Citylink Travels,Travel
Mahendra Travels,Travel
VRL Logistics,Travel
Patel Express Lines,Travel
Eagle Travels,Travel
Konduskar Tourist,Travel
Mahadev Travels,Travel
Siddhi Vinayak Express,Travel
National Travels India,Travel
Jet Airways,Travel
Vistara Airlines,Travel
FlyBig Airlines,Travel
TruJet,Travel
Akasa Air,Travel
AirAsia India,Travel
Star Air,Travel
GoFirst,Travel
SpiceJet Web Check-In,Travel
Airport Shuttle Services Pvt Ltd,Travel
MyChoize Car Rentals,Travel
JustRide,Travel
SelfDrive.in,Travel
Drivezy Pune,Travel
Cab Bazaar,Travel
Mobi Cabs,Travel
Cabbie Services,Travel
City Ride Solutions,Travel
UrbanMobility Taxis,Travel
StayVista,Travel
Vista Rooms,Travel
Hosteller India,Travel
Backpacker Panda,Travel
Stayzilla,Travel
HelloRooms,Travel
Budget Inn,Travel
HappyStays,Travel
NestAway Travels,Travel
Indian Rail Booking,Travel
ExpressTrain Seat Booking,Travel
Tatkal Ticket Service,Travel
IRCTC Agent Booking,Travel
Bharat Rail Booking Center,Travel
CityRail Center Pvt Ltd,Travel
Lokmanya Express Travels,Travel
Jan Shatabdi Booking Office,Travel
Hindustan Petroleum Toll Plaza,Travel
Ashoka Buildcon Tollways,Travel
L&T Infra Toll Services,Travel
TollRecharge.com,Travel
Reliance Fuel Station,Travel
Nayara Energy Pump,Travel
Essar Oil Expressway Services,Travel
TollFast Recharge Center,Travel
HPCL SmartFuel,Travel
GoZoomo,Travel
PlanMyTrip,Travel
RouteBay,Travel
Tripzigo,Travel
BookMyTravel,Travel
TravelDuniya,Travel
JustGo Travels Pvt Ltd,Travel
EazyGo Tours,Travel
24x7 Travel Desk,Travel
VroomGo,Travel
Passport Seva Kendra,Travel
Visa World Travel Assistance,Travel
International SIM Provider,Travel
Forex & Travel Cards Pvt Ltd,Travel
IndiaTravel Insurance Partners,Travel
AAI Airport Parking Services,Travel
Luggage Storage & Locker Services,Travel
Airport Lounge Access Pvt Ltd,Travel
Priority Pass India,Travel
UrbanEzy Airport Transfers,Travel
Aaditya Tours and Travels,Travel
Blue Diamond Tours,Travel
Express Travel Network,Travel
Kaveri Travels,Travel
Deccan Explorers,Travel
Ibis Pune,Travel
Ginger Pune,Travel
City One Travels,Travel
Bhor Adventures,Travel
Ekana Cab Service,Travel
Pride Hotels,Travel
Dreamz Tour and Travels,Travel
Humsafar Travels,Travel
Apex Car Rentals,Travel
Nisarga Resort,Travel
Comfort Travels Pune,Travel
Galaxy Tours Pune,Travel
Kingfisher Travels,Travel
Ashtavinayak Cabs,Travel
Lakeview Pune,Travel
Amigo Holidays,Travel
Durga Travels,Travel
High5 Adventures,Travel
Aurora Towers,Travel
First Choice Cabs,Travel
Cosmos Tours,Travel
Keshav Travels,Travel
Grand Bhagwati,Travel
Explorers Pune,Travel
Anuradha Travels,Travel
Quality Inn,Travel
Go Explore Travels,Travel
Diamond Travels,Travel
Camp Temgarh,Travel
Aryan Cab Services,Travel
Emerald Hotels,Travel
Happy Journey Tours,Travel
Chintamani Travels,Travel
Ganesh Travels,Travel
Della Adventures,Travel
Amanora Hotels,Travel
Elite Travel House,Travel
Kohinoor Travels,Travel
Atithi Taxi Service,Travel
Keys Hotels,Travel
Fly High Travels,Travel
Greenline Travels,Travel
Amey Cab Service,Travel
O Hotel Pune,Travel
Ashoka Holiday Planners,Travel
Flying Rafters,Travel
City Cab Pune,Travel
Jewel Palace,Travel
Dream Cabs,Travel
Ace Tours Pune,Travel
Mauli Travels,Travel
Grassroutes Journeys,Travel
Blue Nile Hospitality,Travel
Express Taxi Services,Travel
Krishna Travels,Travel
Maple Suites,Travel
Bhagyoday Travels,Travel
Albela Cabs,Travel
Adventure Nation Pune,Travel
Comfort Cabs,Travel
Aryan Travel Solutions,Travel
Gold Star Travels,Travel
Blue Bus Travels,Travel
Gajanan Travels,Travel
Deccan Heritage,Travel
Galaxy Cab Services,Travel
Amrawati Travels,Travel
Koyna Adventures,Travel
Eagle Travels Pune,Travel
Coriander Hotels,Travel
Ashwini Travels,Travel
Bharat Cab,Travel
Fern Hotels Pune,Travel
Aastha Holiday Makers,Travel
Balaji Travels Pune,Travel
Akash Taxi,Travel
Citrus Hotels Pune,Travel
Hometel Pune,Travel
Ace Cab Services,Travel
Aaditya Cabs,Travel
Aamrapali Taxi Services,Travel
Westside,Clothing-Shopping
Zara,Clothing-Shopping
Bata,Clothing-Shopping
Max Fashion,Clothing-Shopping
H&M,Clothing-Shopping
Pantaloons,Clothing-Shopping
Levi's,Clothing-Shopping
Fabindia,Clothing-Shopping
Allen Solly,Clothing-Shopping
Shoppers Stop,Clothing-Shopping
Biba,Clothing-Shopping
Adidas,Clothing-Shopping
Puma,Clothing-Shopping
Nike,Clothing-Shopping
Van Heusen,Clothing-Shopping
Lifestyle,Clothing-Shopping
UCB,Clothing-Shopping
Only,Clothing-Shopping
Peter England,Clothing-Shopping
Louis Philippe,Clothing-Shopping
Woodland,Clothing-Shopping
Jockey,Clothing-Shopping
Marks & Spencer,Clothing-Shopping
Forever 21,Clothing-Shopping
Decathlon,Clothing-Shopping
Reliance Trends,Clothing-Shopping
W,Clothing-Shopping
Global Desi,Clothing-Shopping
Pepe Jeans,Clothing-Shopping
Killer Jeans,Clothing-Shopping
Spykar,Clothing-Shopping
Arrow,Clothing-Shopping
Blackberrys,Clothing-Shopping
Flying Machine,Clothing-Shopping
Provogue,Clothing-Shopping
US Polo Assn,Clothing-Shopping
Tommy Hilfiger,Clothing-Shopping
Calvin Klein,Clothing-Shopping
Lacoste,Clothing-Shopping
Amazon,Clothing-Shopping
Flipkart,Clothing-Shopping
Bewakoof,Clothing-Shopping
Meesho,Clothing-Shopping
Jack & Jones,Clothing-Shopping
Superdry,Clothing-Shopping
Benetton,Clothing-Shopping
Myntra,Clothing-Shopping
GAP,Clothing-Shopping
Ajio,Clothing-Shopping
Uniqlo,Clothing-Shopping
Mango,Clothing-Shopping
Vero Moda,Clothing-Shopping
Chemistry,Clothing-Shopping
Raymond,Clothing-Shopping
Park Avenue,Clothing-Shopping
Mufti,Clothing-Shopping
Indian Terrain,Clothing-Shopping
Soch,Clothing-Shopping
W for Woman,Clothing-Shopping
Taneira,Clothing-Shopping
Anokhi,Clothing-Shopping
Chumbak,Clothing-Shopping
Bombay Shirt Company,Clothing-Shopping
Fabric Lounge,Clothing-Shopping
The Bombay Store,Clothing-Shopping
The Loom,Clothing-Shopping
Satya Paul,Clothing-Shopping
Ritu Kumar,Clothing-Shopping
Sabyasachi,Clothing-Shopping
Tarun Tahiliani,Clothing-Shopping
Manyavar,Clothing-Shopping
Meena Bazaar,Clothing-Shopping
Kalki Fashion,Clothing-Shopping
Kashish,Clothing-Shopping
Kimaya,Clothing-Shopping
Okhai,Clothing-Shopping
Ogaan,Clothing-Shopping
Pothys,Clothing-Shopping
Nalli,Clothing-Shopping
Khadi Gramodyog,Clothing-Shopping
Kanjivaram,Clothing-Shopping
Balanand,Clothing-Shopping
Bombay Dyeing,Clothing-Shopping
D'Cot,Clothing-Shopping
Doodlage,Clothing-Shopping
Epic Clothing,Clothing-Shopping
Ethicus,Clothing-Shopping
Go Colors,Clothing-Shopping
Hidesign,Clothing-Shopping
Jaypore,Clothing-Shopping
Liva,Clothing-Shopping
Melange,Clothing-Shopping
Mogra,Clothing-Shopping
Naidu Hall,Clothing-Shopping
Nauti Nati,Clothing-Shopping
Taavi,Clothing-Shopping
Amante,Clothing-Shopping
Clovia,Clothing-Shopping
Enamor,Clothing-Shopping
Lovable,Clothing-Shopping
Zivame,Clothing-Shopping
Central,Clothing-Shopping
Brand Factory,Clothing-Shopping
The Collective,Clothing-Shopping
Celio,Clothing-Shopping
French Connection,Clothing-Shopping
Bossini,Clothing-Shopping
Giordano,Clothing-Shopping
Bershka,Clothing-Shopping
Pull & Bear,Clothing-Shopping
Stradivarius,Clothing-Shopping
Massimo Dutti,Clothing-Shopping
Lefties,Clothing-Shopping
G3+ Fashion,Clothing-Shopping
Happie Unstitched,Clothing-Shopping
Hari Darshan,Clothing-Shopping
Jashn,Clothing-Shopping
Jhanevie,Clothing-Shopping
Kala Niketan,Clothing-Shopping
Kora,Clothing-Shopping
Kotwara,Clothing-Shopping
Kurio,Clothing-Shopping
Ladida,Clothing-Shopping
Lafayette,Clothing-Shopping
Lilliput,Clothing-Shopping
Little Kangaroos,Clothing-Shopping
Lotus Child,Clothing-Shopping
M for Man,Clothing-Shopping
Maanav,Clothing-Shopping
Madame,Clothing-Shopping
Mayur Suitings,Clothing-Shopping
Melange by Lifestyle,Clothing-Shopping
Mothercare,Clothing-Shopping
Mr. Button,Clothing-Shopping
Mustard,Clothing-Shopping
Myntra,Clothing-Shopping
Nappa Dori,Clothing-Shopping
Nautica,Clothing-Shopping
Neev,Clothing-Shopping
Nine West,Clothing-Shopping
Nirvana Fashion,Clothing-Shopping
Nishat Linen,Clothing-Shopping
Noor by PIFD,Clothing-Shopping
Oasis,Clothing-Shopping
Ola Lingerie,Clothing-Shopping
Omaxe,Clothing-Shopping
Onnikee,Clothing-Shopping
Outhouse,Clothing-Shopping
Paliya,Clothing-Shopping
Pantaloons Juniors,Clothing-Shopping
Parx,Clothing-Shopping
Peachmode,Clothing-Shopping
People,Clothing-Shopping
Perona,Clothing-Shopping
Pipa Bella,Clothing-Shopping
Plus S,Clothing-Shopping
Pomogrenade,Clothing-Shopping
Prana,Clothing-Shopping
Prestige,Clothing-Shopping
Prints,Clothing-Shopping
Proline,Clothing-Shopping
Prozone,Clothing-Shopping
Pure Home + Living,Clothing-Shopping
Purple Style Labs,Clothing-Shopping
Rangoli,Clothing-Shopping
Rare Rabbit,Clothing-Shopping
Ravissant,Clothing-Shopping
Red Label,Clothing-Shopping
Reebok CrossFit,Clothing-Shopping
Reiss,Clothing-Shopping
Relaxo,Clothing-Shopping
Rangriti,Clothing-Shopping
Aurelia,Clothing-Shopping
Indigo Nation,Clothing-Shopping
Metro,Clothing-Shopping
Mochi,Clothing-Shopping
Inc. 5,Clothing-Shopping
Catwalk,Clothing-Shopping
Walkway,Clothing-Shopping
Red Tape,Clothing-Shopping
Liberty,Clothing-Shopping
Skechers,Clothing-Shopping
Reebok,Clothing-Shopping
Lee,Clothing-Shopping
Wrangler,Clothing-Shopping
Van Heusen,Clothing-Shopping
Louis Philippe,Clothing-Shopping
Peter England,Clothing-Shopping
Park Avenue,Clothing-Shopping
Blackberrys,Clothing-Shopping
Arrow,Clothing-Shopping
Flying Machine,Clothing-Shopping
UCB,Clothing-Shopping
Only,Clothing-Shopping
Vero Moda,Clothing-Shopping
Chemistry,Clothing-Shopping
Raymond,Clothing-Shopping
Indian Terrain,Clothing-Shopping
Soch,Clothing-Shopping
W for Woman,Clothing-Shopping
Taneira,Clothing-Shopping
Anokhi,Clothing-Shopping
Chumbak,Clothing-Shopping
Bombay Shirt Company,Clothing-Shopping
Fabric Lounge,Clothing-Shopping
The Bombay Store,Clothing-Shopping
The Loom,Clothing-Shopping
Satya Paul,Clothing-Shopping
Ritu Kumar,Clothing-Shopping
Sabyasachi,Clothing-Shopping
Tarun Tahiliani,Clothing-Shopping
Manyavar,Clothing-Shopping
Meena Bazaar,Clothing-Shopping
Kalki Fashion,Clothing-Shopping
Kashish,Clothing-Shopping
Kimaya,Clothing-Shopping
Okhai,Clothing-Shopping
Ogaan,Clothing-Shopping
Pothys,Clothing-Shopping
Nalli,Clothing-Shopping
Khadi Gramodyog,Clothing-Shopping
Kanjivaram,Clothing-Shopping
Balanand,Clothing-Shopping
Bombay Dyeing,Clothing-Shopping
D'Cot,Clothing-Shopping
Doodlage,Clothing-Shopping
Epic Clothing,Clothing-Shopping
Ethicus,Clothing-Shopping
Go Colors,Clothing-Shopping
Hidesign,Clothing-Shopping
Jaypore,Clothing-Shopping
Liva,Clothing-Shopping
Melange,Clothing-Shopping
Mogra,Clothing-Shopping
Naidu Hall,Clothing-Shopping
Nauti Nati,Clothing-Shopping
Taavi,Clothing-Shopping
Amante,Clothing-Shopping
Clovia,Clothing-Shopping
Enamor,Clothing-Shopping
Lovable,Clothing-Shopping
Zivame,Clothing-Shopping
Central,Clothing-Shopping
Brand Factory,Clothing-Shopping
The Collective,Clothing-Shopping
Celio,Clothing-Shopping
French Connection,Clothing-Shopping
Bossini,Clothing-Shopping
Giordano,Clothing-Shopping
Bershka,Clothing-Shopping
Pull & Bear,Clothing-Shopping
Stradivarius,Clothing-Shopping
Massimo Dutti,Clothing-Shopping
Lefties,Clothing-Shopping
G3+ Fashion,Clothing-Shopping
Happie Unstitched,Clothing-Shopping
Hari Darshan,Clothing-Shopping
Jashn,Clothing-Shopping
Jhanevie,Clothing-Shopping
Kala Niketan,Clothing-Shopping
Kora,Clothing-Shopping
Kotwara,Clothing-Shopping
Kurio,Clothing-Shopping
Ladida,Clothing-Shopping
Lafayette,Clothing-Shopping
Lilliput,Clothing-Shopping
Little Kangaroos,Clothing-Shopping
Lotus Child,Clothing-Shopping
M for Man,Clothing-Shopping
Maanav,Clothing-Shopping
Madame,Clothing-Shopping
Mayur Suitings,Clothing-Shopping
Melange by Lifestyle,Clothing-Shopping
Mothercare,Clothing-Shopping
Mr. Button,Clothing-Shopping
Mustard,Clothing-Shopping
Myntra,Clothing-Shopping
Nappa Dori,Clothing-Shopping
Nautica,Clothing-Shopping
Neev,Clothing-Shopping
Nine West,Clothing-Shopping
Nirvana Fashion,Clothing-Shopping
Nishat Linen,Clothing-Shopping
Noor by PIFD,Clothing-Shopping
Oasis,Clothing-Shopping
Ola Lingerie,Clothing-Shopping
Omaxe,Clothing-Shopping
Onnikee,Clothing-Shopping
Outhouse,Clothing-Shopping
Paliya,Clothing-Shopping
Pantaloons Juniors,Clothing-Shopping
Parx,Clothing-Shopping
Peachmode,Clothing-Shopping
People,Clothing-Shopping
Perona,Clothing-Shopping
Pipa Bella,Clothing-Shopping
Plus S,Clothing-Shopping
Pomogrenade,Clothing-Shopping
Prana,Clothing-Shopping
Prestige,Clothing-Shopping
Prints,Clothing-Shopping
Proline,Clothing-Shopping
Prozone,Clothing-Shopping
Pure Home + Living,Clothing-Shopping
Purple Style Labs,Clothing-Shopping
Rangoli,Clothing-Shopping
Rare Rabbit,Clothing-Shopping
Ravissant,Clothing-Shopping
Red Label,Clothing-Shopping
Reebok CrossFit,Clothing-Shopping
Reiss,Clothing-Shopping
Relaxo,Clothing-Shopping
Rangriti,Clothing-Shopping
Aurelia,Clothing-Shopping
Indigo Nation,Clothing-Shopping
Metro,Clothing-Shopping
Mochi,Clothing-Shopping
Inc. 5,Clothing-Shopping
Catwalk,Clothing-Shopping
Walkway,Clothing-Shopping
Red Tape,Clothing-Shopping
Liberty,Clothing-Shopping
Skechers,Clothing-Shopping
Reebok,Clothing-Shopping
Lee,Clothing-Shopping
Wrangler,Clothing-Shopping
D-Mart,Groceries
Big Bazaar,Groceries
Reliance Fresh,Groceries
More Mega Store,Groceries
Nilgiris,Groceries
Ratnadeep Supermarket,Groceries
Apna Bazaar,Groceries
Big Basket,Groceries
Sahakari Bhandar,Groceries
Dorabjee's,Groceries
Zepto,Groceries
Kohinoor Stores,Groceries
Smart Bazaar,Groceries
Chitale Bandhu Mithaiwale,Groceries
Pali Market,Groceries
Pune Store,Groceries
Mangal Stores,Groceries
Ganesh Stores,Groceries
Shree Stores,Groceries
Annapurna Bhandar,Groceries
Balaji Stores,Groceries
Bharat Stores,Groceries
City Pride Supermarket,Groceries
Daily Needs,Groceries
Ekta Stores,Groceries
Fruitwala,Groceries
Guruprasad Stores,Groceries
Hari Om Stores,Groceries
Jay Bhavani Stores,Groceries
Kaka Stores,Groceries
Laxmi Stores,Groceries
Mahadev Stores,Groceries
Nandu Stores,Groceries
Om Stores,Groceries
Patil Stores,Groceries
Quality Stores,Groceries
Raj Stores,Groceries
Sai Stores,Groceries
Tilak Stores,Groceries
Uday Stores,Groceries
Vijay Stores,Groceries
Yash Stores,Groceries
Zaveri Stores,Groceries
Apna Kirana,Groceries
Bombay Bazaar,Groceries
Chaitanya Stores,Groceries
Dhanlaxmi Stores,Groceries
Evergreen Stores,Groceries
Fairprice,Groceries
Gokul Stores,Groceries
Himalaya Stores,Groceries
Ideal Stores,Groceries
Jai Stores,Groceries
Krishna Stores,Groceries
Lucky Stores,Groceries
Maa Stores,Groceries
New Stores,Groceries
Orange Mart,Groceries
Pooja Stores,Groceries
Quick Mart,Groceries
Royal Stores,Groceries
Shiv Stores,Groceries
Tulsi Stores,Groceries
Unique Stores,Groceries
Vasant Stores,Groceries
Welcome Stores,Groceries
Xpress Mart,Groceries
Yogi Stores,Groceries
Zara Stores,Groceries
A1 Stores,Groceries
Bharat Kirana,Groceries
Chhaya Stores,Groceries
Delight Stores,Groceries
Easyday,Groceries
Fresh Mart,Groceries
Gold Star Stores,Groceries
Honey Stores,Groceries
Indira Stores,Groceries
Jumbo Stores,Groceries
Kisan Stores,Groceries
Leo Stores,Groceries
Mohan Stores,Groceries
Nutan Stores,Groceries
Om Sai Stores,Groceries
Priya Stores,Groceries
Queen Mart,Groceries
Raja Stores,Groceries
Surya Stores,Groceries
Trishul Stores,Groceries
Urja Stores,Groceries
Vijay Sales,Groceries
Well Mart,Groceries
Yashwant Stores,Groceries
Zoom Stores,Groceries
Amar Stores,Groceries
Bhavani Stores,Groceries
Chandan Stores,Groceries
Dream Mart,Groceries
Everest Stores,Groceries
Family Mart,Groceries
Green Stores,Groceries
Happiness Stores,Groceries
Imperial Stores,Groceries
Jai Hind Stores,Groceries
Kasturi Stores,Groceries
Lotus Stores,Groceries
Mangesh Stores,Groceries
Nisarg Stores,Groceries
Oasis Stores,Groceries
Prakash Stores,Groceries
Quick Buy,Groceries
Roopam Stores,Groceries
Sai Krupa Stores,Groceries
Tara Stores,Groceries
Uttam Stores,Groceries
Vishal Stores,Groceries
Wonder Mart,Groceries
Xerox Stores,Groceries
Yuvraj Stores,Groceries
Zest Mart,Groceries
Aastha Stores,Groceries
Balan Stores,Groceries
Chhota Bazaar,Groceries
Dosti Stores,Groceries
Elite Stores,Groceries
Famous Stores,Groceries
Ganesh Kirana,Groceries
Hira Stores,Groceries
Icon Stores,Groceries
Jolly Stores,Groceries
Kaka Kirana,Groceries
Laxmi Kirana,Groceries
Maa Bhagwati Stores,Groceries
Navkar Stores,Groceries
Oberoi Mart,Groceries
Pari Stores,Groceries
Quick Stop,Groceries
Rasoi Stores,Groceries
Sai Dham Stores,Groceries
Trupti Stores,Groceries
Umiya Stores,Groceries
Vardhaman Stores,Groceries
Wow Mart,Groceries
Xcell Stores,Groceries
Yashoda Stores,Groceries
Zoro Stores,Groceries
Agrawal Stores,Groceries
Babu Stores,Groceries
Chhota D-Mart,Groceries
Dhanashri Stores,Groceries
Eagle Stores,Groceries
Falgun Stores,Groceries
Gopal Stores,Groceries
Hari Stores,Groceries
Ishwar Stores,Groceries
Jai Mata Di Stores,Groceries
Krishna Kirana,Groceries
Lucky Kirana,Groceries
Maa Laxmi Stores,Groceries
New Star Stores,Groceries
Om Namah Shivay Stores,Groceries
Prasad Stores,Groceries
Quality Kirana,Groceries
Rajesh Stores,Groceries
Shree Krishna Stores,Groceries
Tulsi Kirana,Groceries
Uma Stores,Groceries
Vijay Kirana,Groceries
White House Stores,Groceries
Xeno Stores,Groceries
Yash Kirana,Groceries
Zee Stores,Groceries
Aryan Stores,Groceries
Bharat Provision Store,Groceries
Champion Stores,Groceries
Dipak Stores,Groceries
Eshwar Stores,Groceries
Friends Stores,Groceries
Guru Stores,Groceries
Harsh Stores,Groceries
Ideal Kirana,Groceries
Jai Santoshi Stores,Groceries
Kaka Ke Kirana,Groceries
Laxmi Provision Store,Groceries
Maa Durga Stores,Groceries
Nilkanth Stores,Groceries
Om Provision Store,Groceries
Prakash Kirana,Groceries
Quick Service Stores,Groceries
Rahul Stores,Groceries
Sai Provision Store,Groceries
Trimurti Stores,Groceries
Umesh Stores,Groceries
Vishal Kirana,Groceries
Wagh Stores,Groceries
Xylo Stores,Groceries
Yogesh Stores,Groceries
Zara Kirana,Groceries
Amba Stores,Groceries
Bhola Stores,Groceries
Chhota Bazaar Kirana,Groceries
Dhanlaxmi Kirana,Groceries
Evergreen Kirana,Groceries
Fair Deal Stores,Groceries
Ganesh Provision Store,Groceries
Hari Kirana,Groceries
Ishwar Kirana,Groceries
Jai Bhavani Stores,Groceries
Kaka Ke Store,Groceries
Laxmi Bhandar,Groceries
Maa Vaishno Stores,Groceries
New Provision Store,Groceries
Om Shanti Stores,Groceries
Prasad Kirana,Groceries
Quality Provision Store,Groceries
Raj Kirana,Groceries
Shiv Kirana,Groceries
Tulsi Bhandar,Groceries
Uma Kirana,Groceries
Vijay Provision Store,Groceries
White House Kirana,Groceries
Xeno Kirana,Groceries
Yash Bhandar,Groceries
Zee Kirana,Groceries
Amar Kirana,Groceries
Bharat Bhandar,Groceries
Chandan Kirana,Groceries
Dream Kirana,Groceries
Everest Kirana,Groceries
Family Kirana,Groceries
Green Bhandar,Groceries
Happiness Kirana,Groceries
Imperial Kirana,Groceries
Jai Hind Kirana,Groceries
Kasturi Bhandar,Groceries
Lotus Kirana,Groceries
Mangesh Kirana,Groceries
Nisarg Bhandar,Groceries
Oasis Kirana,Groceries
Prakash Bhandar,Groceries
Quick Kirana,Groceries
Roopam Kirana,Groceries
Sai Krupa Kirana,Groceries
Tara Bhandar,Groceries
Uttam Kirana,Groceries
Vishal Bhandar,Groceries
Wonder Kirana,Groceries
Xerox Kirana,Groceries
Yuvraj Bhandar,Groceries
Zest Kirana,Groceries
Aastha Kirana,Groceries
Balan Bhandar,Groceries
Chhota Kirana,Groceries
Dosti Kirana,Groceries
Elite Kirana,Groceries
Famous Bhandar,Groceries
Ganesh Bhandar,Groceries
Hira Kirana,Groceries
Icon Kirana,Groceries
Jolly Bhandar,Groceries
Kaka Bhandar,Groceries
Laxmi Supermarket,Groceries
Maa Bhagwati Kirana,Groceries
Navkar Bhandar,Groceries
Oberoi Kirana,Groceries
Pari Bhandar,Groceries
Quick Bazaar,Groceries
Rasoi Kirana,Groceries
Sai Dham Kirana,Groceries
Trupti Bhandar,Groceries
Umiya Kirana,Groceries
Vardhaman Bhandar,Groceries
Wow Kirana,Groceries
Xcell Bhandar,Groceries
Yashoda Kirana,Groceries
Zoro Kirana,Groceries
Agrawal Kirana,Groceries
Babu Bhandar,Groceries
Chhota Supermarket,Groceries
Dhanashri Kirana,Groceries
Eagle Bhandar,Groceries
Falgun Kirana,Groceries
Gopal Bhandar,Groceries
Hari Bhandar,Groceries
Ishwar Bhandar,Groceries
Jai Mata Di Kirana,Groceries
Krishna Supermarket,Groceries
Lucky Supermarket,Groceries
Maa Laxmi Kirana,Groceries
New Star Kirana,Groceries
Om Namah Shivay Kirana,Groceries
Prasad Bhandar,Groceries
Quality Supermarket,Groceries
Rajesh Kirana,Groceries
Shree Krishna Kirana,Groceries
Tulsi Supermarket,Groceries
Uma Bhandar,Groceries
Vijay Supermarket,Groceries
White House Bhandar,Groceries
Xeno Supermarket,Groceries
Yash Supermarket,Groceries
INOX Cinemas,Entertainment
PVR Cinemas,Entertainment
Cinepolis,Entertainment
CityPride Multiplex,Entertainment
E-Square Cinema,Entertainment
Mangala Theater,Entertainment
Victory Theater,Entertainment
Alaka Talkies,Entertainment
Aparna Theater,Entertainment
Ashok Talkies,Entertainment
Big Cinemas,Entertainment
Carnival Cinemas,Entertainment
Liberty Cinema,Entertainment
Maxus Cinemas,Entertainment
Q Cinemas,Entertainment
Gold Cinema,Entertainment
Fame Cinemas,Entertainment
Neelayam Theater,Entertainment
Icon Cinemas,Entertainment
Kamal Talkies,Entertainment
Adlabs Imagica,Entertainment
EsselWorld,Entertainment
Water Kingdom,Entertainment
Snow World,Entertainment
Della Adventure Park,Entertainment
Wonderla,Entertainment
KidZania,Entertainment
Fun City,Entertainment
Funtasia,Entertainment
Jumping Joe,Entertainment
Shivsrushti,Entertainment
Taraporewala Aquarium,Entertainment
Bal Gandharva Rang Mandir,Entertainment
Ravindra Natya Mandir,Entertainment
Shanmukhananda Hall,Entertainment
NSCI Dome,Entertainment
Jyotsna Bhole Sabhagriha,Entertainment
Ganesh Kala Krida Manch,Entertainment
Sawai Gandharva Hall,Entertainment
Yashwantrao Chavan Natyagriha,Entertainment
Tilak Smarak Mandir,Entertainment
St. Andrews Auditorium,Entertainment
Hard Rock Cafe,Entertainment
High Spirits,Entertainment
The Piano Man,Entertainment
Not Just Jazz by the Bay,Entertainment
AER Lounge,Entertainment
Indigo Live Music Bar,Entertainment
Bonobo,Entertainment
Social,Entertainment
Olive Bar & Kitchen,Entertainment
Blue Frog (Historic),Entertainment
Kala Ghoda Arts Festival,Entertainment
Elephanta Festival,Entertainment
Pune International Film Festival,Entertainment
Mumbai Film Festival,Entertainment
Sawai Gandharva Music Festival,Entertainment
Ganesh Festival Pandals,Entertainment
Diwali Melas,Entertainment
Banganga Festival,Entertainment
Hornbill Festival,Entertainment
Vasantotsav,Entertainment
Phoenix Marketcity,Entertainment
Amanora Mall,Entertainment
Inorbit Mall,Entertainment
R City Mall,Entertainment
Viviana Mall,Entertainment
Korum Mall,Entertainment
Seasons Mall,Entertainment
Ishanya Mall,Entertainment
The Pavilion Mall,Entertainment
Treasure Island Mall,Entertainment
Shiamak Davar Institute,Entertainment
Terence Lewis Academy,Entertainment
Nalanda Dance Research Centre,Entertainment
Kathak Kendra,Entertainment
Shankar Mahadevan Academy,Entertainment
Natyasampada Theater Group,Entertainment
Prithvi Theater,Entertainment
Q Theatre Productions,Entertainment
Rage Productions,Entertainment
Aasakta Kalamanch,Entertainment
Bombay Exhibition Centre,Entertainment
Pune International Exhibition Centre,Entertainment
Jio World Convention Centre,Entertainment
Nesco Centre,Entertainment
Mumbai Exhibition Centre,Entertainment
Balewadi Sports Complex,Entertainment
Shiv Chhatrapati Sports Complex,Entertainment
Mahalaxmi Racecourse,Entertainment
Pune Race Course,Entertainment
Royal Western India Turf Club,Entertainment
Comic Con India,Entertainment
Prithvi Cafe (Theater Annex),Entertainment
Kalidas Kala Mandir,Entertainment
Bhaidas Hall,Entertainment
Chhabildas Theater,Entertainment
Savitribai Phule Pune University,Education
Fergusson College,Education
Symbiosis International University,Education
MIT World Peace University,Education
Bharati Vidyapeeth University,Education
COEP Technological University,Education
Vishwakarma Institute of Technology,Education
D.Y. Patil College of Engineering,Education
Indira Institute of Management,Education
Sinhgad College of Engineering,Education
Maharashtra Institute of Technology (MIT Pune),Education
AISSMS College of Engineering,Education
"Modern College of Arts, Science and Commerce",Education
B. J. Medical College,Education
Flame University,Education
Army Institute of Technology,Education
International Institute of Information Technology (I²IT),Education
Pune Institute of Computer Technology (PICT),Education
Balaji Institute of Modern Management (BIMM),Education
Tilak Maharashtra Vidyapeeth,Education
Dr. D.Y. Patil Vidyapeeth,Education
NICMAR University,Education
Symbiosis Institute of Business Management (SIBM),Education
Vishwakarma Institute of Information Technology (VIIT),Education
ISB&M,Education
MIT College of Engineering,Education
MIT School of Management,Education
MIT School of Business,Education
Sinhgad Institute of Management,Education
Sinhgad College of Architecture,Education
Sinhgad Institute of Technology and Science,Education
International School of Management Studies (ISMS),Education
G.H. Raisoni College of Engineering and Management,Education
Jayawantrao Sawant College of Engineering,Education
Rajarshi Shahu College of Engineering,Education
PCCOE (Pimpri Chinchwad College of Engineering),Education
JSPM Narhe Technical Campus,Education
JSPM RSCOE,Education
JSPM TSSM’s Bhivarabai Sawant College of Engineering,Education
D. Y. Patil Institute of Management,Education
Balaji Law College,Education
Marathwada Mitra Mandal's College of Engineering (MMCOE),Education
Zeal College of Engineering and Research,Education
Trinity College of Engineering and Research,Education
Sinhgad Academy of Engineering,Education
Allana Institute of Management Sciences,Education
Indira School of Business Studies,Education
Indira College of Engineering and Management,Education
"MIT Art, Design and Technology University",Education
National Institute of Bank Management (NIBM),Education
National Defence Academy (NDA),Education
Indian Institute of Science Education and Research (IISER),Education
College of Military Engineering (CME),Education
Central Institute of Road Transport (CIRT),Education
Deccan College Post-Graduate and Research Institute,Education
Government College of Engineering and Research,Education
Pune Vidyarthi Griha’s College of Engineering and Technology,Education
MKSSS's Cummins College of Engineering for Women,Education
Symbiosis Law School,Education
Bharati Vidyapeeth Deemed University College of Engineering,Education
Padmashree Dr. D.Y. Patil Institute of Management Studies,Education
Balaji Institute of Telecom & Management,Education
Balaji Institute of International Business,Education
Balaji Institute of Management and Human Resource Development,Education
Sinhgad Institute of Management and Computer Application,Education
MIT School of Technology Management,Education
"D.Y. Patil Institute of Engineering, Management and Research",Education
JSPM’s Imperial College of Engineering and Research,Education
JSPM’s Jayawantrao Sawant Institute of Management and Research,Education
ISMR Business School,Education
Symbiosis Institute of Technology,Education
Suryadatta Institute of Management,Education
Pune Business School,Education
ASM Institute of Business Management and Research (IBMR),Education
PIBM (Pune Institute of Business Management),Education
MIT World Peace University - School of Business,Education
Vishwakarma University,Education
D.Y. Patil International University,Education
Kirloskar Institute of Advanced Management Studies (KIAMS),Education
Institute of Management and Entrepreneurship Development (IMED),Education
MIT School of Distance Education,Education
Ajeenkya DY Patil University,Education
Symbiosis Institute of Media and Communication,Education
IIMS Pune (International Institute of Management Studies),Education
Indira School of Communication,Education
Lexicon Management Institute of Leadership and Excellence,Education
Lotus Business School,Education
International Institute of Hotel Management (IIHM Pune),Education
Bharati Vidyapeeth’s Institute of Hotel Management and Catering Technology,Education
Army Institute of Law,Education
Symbiosis Institute of Telecom Management,Education
National Institute of Construction Management and Research (NICMAR),Education
DYPDC Center for Automotive Research and Studies,Education
Symbiosis Institute of Design,Education
Global Business School & Research Centre,Education
MIT Institute of Design,Education
Balaji Institute of Management Studies,Education
Trinity Institute of Management & Research,Education
Pune Vidyarthi Griha’s Institute of Management,Education
International School of Business & Media (ISB&M),Education
Om Xerox,Education
Shree Stationery,Education
Sai Xerox & Stationery,Education
Gurukrupa Xerox,Education
Mahalaxmi Stationers,Education
Ajinkya Xerox,Education
Yash Stationery,Education
Jadhav Xerox,Education
Shubham Stationery,Education
Ramesh Xerox Centre,Education
Balaji Stationers,Education
Pune Xerox Point,Education
Omkar Stationery Mart,Education
Swami Xerox & Print,Education
Kothrud Xerox,Education
Shree Ganesh Stationery,Education
A1 Xerox & Lamination,Education
Rajdeep Stationers,Education
Bhosale Xerox,Education
College Road Stationery,Education
Prathamesh Xerox Center,Education
Deepak Stationery,Education
Shivneri Xerox,Education
Rahul Stationers,Education
Samarth Xerox,Education
Vijay Xerox & Print,Education
Laxmi Stationery & Xerox,Education
Tapkir Stationery,Education
Sahil Xerox Corner,Education
Om Sai Stationery,Education
Siddhi Xerox,Education
Nikhil Stationers,Education
Vaibhav Xerox,Education
Aditya Stationery Depot,Education
Rutuja Xerox & Stationery,Education
City Xerox Point,Education
Classic Stationery,Education
Ashok Xerox,Education
Dhanashree Stationers,Education
Corner Xerox Shop,Education
Anand Stationery,Education
Shree Xerox & Stationery,Education
Sagar Stationery Shop,Education
Kamal Print & Stationery,Education
Ramesh Xerox Services,Education
Prakash Stationery,Education
Shiv Stationery Mart,Education
Vikas Xerox Shop,Education
Raj Stationery & Xerox,Education
Pune Stationery Shop,Education
Gajanan Xerox Services,Education
Harsh Paper Mart,Education
Soni Stationery & Print,Education
Mangesh Xerox Center,Education
Tara Stationery,Education
Deepak Xerox & Stationery,Education
Ashok Paper Supplies,Education
Suresh Xerox & Copy Center,Education
Desai Stationery,Education
Balu Xerox Services,Education
Kiran Stationery,Education
Shubham Paper & Print,Education
Mayur Xerox Shop,Education
Kamble Stationery,Education
Mandar Xerox Center,Education
Ajay Print & Stationery,Education
Rani Xerox Center,Education
Shakti Paper Mart,Education
Jadhav Stationery & Xerox,Education
Tanvi Stationery Store,Education
Abhay Xerox Services,Education
Mehta Stationery & Copy,Education
Bharat Stationery,Education
Neha Xerox & Print,Education
Gaurav Paper Mart,Education
Snehal Xerox,Education
Kiran Paper Shop,Education
Sadhana Stationery,Education
Vivek Xerox Solutions,Education
Tushar Stationery,Education
Sharad Xerox Shop,Education
Yash Stationery & Print,Education
Shree Paper Mart,Education
Anjali Xerox Center,Education
Sunil Stationery & Print,Education
Deepak Xerox Solutions,Education
Rekha Paper Shop,Education
Nilesh Stationery & Xerox,Education
Lokesh Paper Supplies,Education
Arvind Xerox,Education
Satish Stationery,Education
Rajesh Xerox Center,Education
Sonal Paper Mart,Education
Umesh Stationery & Print,Education
Vaibhav Xerox Solutions,Education
Sheetal Stationery,Education
Rajani Xerox Shop,Education
Sandeep Paper Supplies,Education
Manish Stationery & Xerox,Education
Pravin Paper Mart,Education
Kalyani Xerox,Education
Devendra Stationery,Education
Aarti Xerox Solutions,Education
Pooja Print & Stationery,Education
Kiran Paper & Xerox,Education
Rohan Stationery Shop,Education
Ajeet Xerox,Education
Gita Paper & Print,Education
Milind Stationery Center,Education
Sumit Xerox Services,Education
Pallavi Stationery,Education
Sudhir Xerox Mart,Education
Shailesh Paper Shop,Education
Mayuri Stationery & Print,Education
Uday Xerox Shop,Education
Kunal Paper Mart,Education
Sheetal Xerox Center,Education
Amit Stationery & Print,Education
Meenal Xerox Shop,Education
Ravi Paper & Xerox,Education
Raj Stationery & Copy,Education
Umesh Xerox Shop,Education
Sushil Stationery Mart,Education
Bharti Xerox Center,Education
Jitendra Paper & Print,Education
Pradeep Stationery,Education
Neelam Xerox & Stationery,Education
Santosh Paper Mart,Education
Manju Xerox Solutions,Education
Bhavesh Paper Shop,Education
Radhika Xerox & Print,Education
Prashant Stationery,Education
Sheetal Paper Mart,Education
Jagdish Xerox Services,Education
Rajendra Stationery,Education
Anjali Xerox Center,Education
Pravin Print Shop,Education
Dev Xerox Solutions,Education
Ganesh Paper Mart,Education
Ramesh Print & Stationery,Education
Kiran Paper & Xerox,Education
Lokendra Stationery,Education
Vikram Xerox & Print,Education
Neha Paper Shop,Education
Shubham Xerox Center,Education
Prachi Stationery & Xerox,Education
Avinash Print Mart,Education
Devika Xerox & Stationery,Education
Tejas Paper Shop,Education
Sanjay Xerox Services,Education
Manoj Stationery & Copy,Education
Nandini Xerox Center,Education
Priya Paper Mart,Education
Mukesh Stationery & Print,Education
Rupal Xerox Shop,Education
Samir Paper Shop,Education
Shubhi Xerox Solutions,Education
Nisha Stationery & Print,Education
Suraj Xerox Shop,Education
Deepa Paper Mart,Education
